,Date,Open,High,Low,Close,Adj Close,Volume
0,2016-03-15,1228.300049,1236.0,1228.0,1230.400024,1230.400024,37.0
1,2016-03-16,1229.5,1263.800049,1228.900024,1229.300049,1229.300049,45.0
2,2016-03-17,1261.5,1270.099976,1255.900024,1264.5,1264.5,27.0
3,2016-03-18,1257.099976,1264.400024,1251.5,1253.800049,1253.800049,542.0
4,2016-03-21,1256.199951,1256.199951,1243.400024,1243.800049,1243.800049,1061.0
5,2016-03-22,1244.0,1252.400024,1243.800049,1248.199951,1248.199951,20.0
6,2016-03-23,1247.699951,1247.699951,1218.599976,1223.699951,1223.699951,28.0
7,2016-03-24,1214.199951,1221.400024,1214.199951,1221.400024,1221.400024,13.0
8,2016-03-28,1211.5,1222.199951,1210.0,1219.900024,1219.900024,33.0
9,2016-03-29,1217.800049,1235.599976,1217.699951,1235.599976,1235.599976,189732.0
10,2016-03-30,1241.400024,1245.0,1223.400024,1226.900024,1226.900024,48248.0
11,2016-03-31,1225.599976,1239.599976,1224.5,1234.199951,1234.199951,3377.0
12,2016-04-01,1232.300049,1235.199951,1209.199951,1222.199951,1222.199951,1602.0
13,2016-04-04,1221.699951,1222.300049,1215.0,1218.0,1218.0,2038.0
14,2016-04-05,1215.400024,1236.699951,1215.400024,1228.400024,1228.400024,477.0
15,2016-04-06,1230.400024,1230.400024,1217.599976,1222.5,1222.5,248.0
16,2016-04-07,1224.800049,1242.900024,1224.599976,1236.199951,1236.199951,375.0
17,2016-04-08,1241.0,1242.800049,1232.0,1242.5,1242.5,409.0
18,2016-04-11,1241.5,1258.699951,1241.5,1256.699951,1256.699951,437.0
19,2016-04-12,1260.0,1261.699951,1253.699951,1259.400024,1259.400024,185.0
20,2016-04-13,1256.5,1256.900024,1241.300049,1246.800049,1246.800049,203.0
21,2016-04-14,1231.400024,1243.699951,1224.5,1225.0,1225.0,264.0
22,2016-04-15,1225.699951,1235.0,1225.699951,1233.099976,1233.099976,97.0
23,2016-04-18,1238.699951,1241.099976,1232.199951,1233.599976,1233.599976,304.0
24,2016-04-19,1231.599976,1256.199951,1228.800049,1253.0,1253.0,386.0
25,2016-04-20,1256.099976,1256.099976,1243.0,1253.199951,1253.199951,180.0
26,2016-04-21,1247.699951,1270.599976,1247.599976,1249.0,1249.0,124.0
27,2016-04-22,1248.5,1248.5,1228.0,1228.699951,1228.699951,188.0
28,2016-04-25,1231.599976,1240.900024,1231.599976,1238.900024,1238.900024,442.0
29,2016-04-26,1239.800049,1244.199951,1233.0,1242.199951,1242.199951,97.0
30,2016-04-27,1248.599976,1249.5,1248.599976,1249.199951,1249.199951,547.0
31,2016-04-28,1245.900024,1270.099976,1238.5,1265.5,1265.5,887.0
32,2016-04-29,1267.300049,1295.5,1267.199951,1289.199951,1289.199951,464.0
33,2016-05-02,1292.099976,1304.400024,1290.400024,1294.699951,1294.699951,192.0
34,2016-05-03,1292.699951,1301.5,1284.5,1290.699951,1290.699951,151.0
35,2016-05-04,1286.900024,1290.0,1273.0,1273.300049,1273.300049,109.0
36,2016-05-05,1282.900024,1286.0,1270.800049,1271.400024,1271.400024,330.0
37,2016-05-06,1278.599976,1295.599976,1276.900024,1292.900024,1292.900024,305.0
38,2016-05-09,1286.5,1286.5,1262.300049,1265.599976,1265.599976,341.0
39,2016-05-10,1265.099976,1267.400024,1258.699951,1263.900024,1263.900024,23.0
40,2016-05-11,1266.900024,1279.199951,1266.900024,1274.599976,1274.599976,50.0
41,2016-05-12,1267.0,1281.199951,1264.0,1270.300049,1270.300049,101.0
42,2016-05-13,1271.400024,1275.699951,1264.599976,1271.900024,1271.900024,66.0
43,2016-05-16,1272.800049,1287.800049,1272.800049,1273.400024,1273.400024,44.0
44,2016-05-17,1272.5,1281.599976,1270.800049,1276.199951,1276.199951,16.0
45,2016-05-18,1276.400024,1276.400024,1256.800049,1273.699951,1273.699951,17.0
46,2016-05-19,1248.0,1255.5,1247.5,1254.199951,1254.199951,69.0
47,2016-05-20,1256.599976,1256.599976,1252.400024,1252.400024,1252.400024,44.0
48,2016-05-23,1251.599976,1251.599976,1247.5,1251.099976,1251.099976,56.0
49,2016-05-24,1240.0,1240.0,1228.199951,1228.900024,1228.900024,20.0
50,2016-05-25,1219.300049,1223.5,1218.599976,1223.5,1223.5,5.0
51,2016-05-26,1232.599976,1232.599976,1220.099976,1220.099976,1220.099976,199778.0
52,2016-05-27,1220.300049,1223.199951,1206.400024,1213.800049,1213.800049,63739.0
53,2016-05-31,1212.5,1217.599976,1199.0,1214.800049,1214.800049,6432.0
54,2016-06-01,1215.699951,1219.800049,1205.400024,1211.900024,1211.900024,2717.0
55,2016-06-02,1212.400024,1217.0,1209.599976,1209.800049,1209.800049,1627.0
56,2016-06-03,1209.099976,1244.5,1206.400024,1240.099976,1240.099976,1622.0
57,2016-06-06,1244.400024,1247.300049,1240.0,1244.599976,1244.599976,1135.0
58,2016-06-07,1244.0,1244.900024,1236.5,1244.400024,1244.400024,281.0
59,2016-06-08,1247.599976,1264.0,1247.300049,1259.800049,1259.800049,406.0
60,2016-06-09,1262.5,1271.400024,1258.099976,1270.199951,1270.199951,381.0
61,2016-06-10,1267.599976,1278.0,1265.300049,1273.400024,1273.400024,397.0
62,2016-06-13,1276.199951,1287.300049,1273.0,1284.400024,1284.400024,328.0
63,2016-06-14,1281.800049,1289.699951,1277.800049,1285.599976,1285.599976,554.0
64,2016-06-15,1284.599976,1296.199951,1278.800049,1285.800049,1285.800049,162.0
65,2016-06-16,1296.300049,1316.400024,1281.099976,1296.099976,1296.099976,251.0
66,2016-06-17,1280.300049,1300.099976,1280.300049,1292.5,1292.5,129.0
67,2016-06-20,1288.900024,1291.199951,1280.300049,1290.0,1290.0,153.0
68,2016-06-21,1293.900024,1293.900024,1266.300049,1270.5,1270.5,134.0
69,2016-06-22,1267.0,1269.199951,1264.900024,1268.0,1268.0,53.0
70,2016-06-23,1263.400024,1270.5,1255.199951,1261.199951,1261.199951,218.0
71,2016-06-24,1253.699951,1355.599976,1253.699951,1320.0,1320.0,694.0
72,2016-06-27,1330.0,1331.699951,1320.0,1322.5,1322.5,92.0
73,2016-06-28,1314.800049,1315.599976,1314.099976,1315.300049,1315.300049,1072.0
74,2016-06-29,1311.599976,1327.400024,1311.599976,1323.900024,1323.900024,414.0
75,2016-06-30,1315.800049,1323.5,1314.5,1318.400024,1318.400024,560.0
76,2016-07-01,1324.5,1344.199951,1321.900024,1336.699951,1336.699951,137.0
77,2016-07-05,1342.199951,1356.800049,1339.699951,1356.400024,1356.400024,90.0
78,2016-07-06,1359.0,1374.900024,1359.0,1364.900024,1364.900024,130.0
79,2016-07-07,1366.800049,1368.599976,1350.5,1360.099976,1360.099976,207.0
80,2016-07-08,1361.300049,1365.800049,1335.0,1356.599976,1356.599976,249.0
81,2016-07-11,1371.699951,1371.800049,1353.0,1355.0,1355.0,26.0
82,2016-07-12,1353.599976,1356.0,1330.300049,1334.099976,1334.099976,252.0
83,2016-07-13,1341.5,1342.400024,1336.699951,1342.400024,1342.400024,7.0
84,2016-07-14,1341.400024,1341.400024,1322.699951,1331.300049,1331.300049,20.0
85,2016-07-15,1333.699951,1333.699951,1322.900024,1326.5,1326.5,52.0
86,2016-07-18,1327.5,1335.0,1326.199951,1328.400024,1328.400024,54.0
87,2016-07-19,1328.5,1333.199951,1326.400024,1331.5,1331.5,322.0
88,2016-07-20,1331.0,1337.5,1315.5,1318.800049,1318.800049,751.0
89,2016-07-21,1312.800049,1330.5,1312.800049,1330.5,1330.5,318.0
90,2016-07-22,1330.699951,1330.699951,1320.400024,1323.099976,1323.099976,55.0
91,2016-07-25,1315.699951,1319.300049,1313.800049,1319.300049,1319.300049,548.0
92,2016-07-26,1315.199951,1320.699951,1315.199951,1320.699951,1320.699951,63.0
93,2016-07-27,1326.0,1326.599976,1326.0,1326.599976,1326.599976,215388.0
94,2016-07-28,1339.5,1344.300049,1330.099976,1332.300049,1332.300049,56908.0
95,2016-07-29,1333.199951,1353.300049,1325.800049,1349.0,1349.0,6076.0
96,2016-08-01,1348.800049,1353.5,1345.599976,1351.400024,1351.400024,1257.0
97,2016-08-02,1352.099976,1366.0,1346.599976,1364.400024,1364.400024,2941.0
98,2016-08-03,1362.400024,1364.699951,1353.300049,1356.099976,1356.099976,715.0
99,2016-08-04,1354.400024,1361.599976,1347.0,1358.800049,1358.800049,381.0
100,2016-08-05,1357.599976,1360.800049,1333.699951,1336.400024,1336.400024,1107.0
101,2016-08-08,1330.0,1335.400024,1327.800049,1333.400024,1333.400024,587.0
102,2016-08-09,1331.800049,1339.400024,1328.5,1339.0,1339.0,620.0
103,2016-08-10,1344.800049,1354.199951,1344.300049,1344.300049,1344.300049,110.0
104,2016-08-11,1341.599976,1350.400024,1334.800049,1342.5,1342.5,666.0
105,2016-08-12,1336.800049,1351.800049,1333.199951,1335.800049,1335.800049,113.0
106,2016-08-15,1336.5,1340.599976,1333.599976,1340.300049,1340.300049,62.0
107,2016-08-16,1342.199951,1355.0,1341.0,1350.5,1350.5,338.0
108,2016-08-17,1345.5,1347.300049,1338.599976,1342.699951,1342.699951,135.0
109,2016-08-18,1351.300049,1354.400024,1348.199951,1351.199951,1351.199951,140.0
110,2016-08-19,1350.099976,1350.099976,1338.599976,1340.400024,1340.400024,197.0
111,2016-08-22,1334.400024,1337.699951,1333.300049,1337.699951,1337.699951,117.0
112,2016-08-23,1337.0,1341.199951,1334.300049,1340.599976,1340.599976,551.0
113,2016-08-24,1337.199951,1337.199951,1322.900024,1324.400024,1324.400024,262.0
114,2016-08-25,1321.400024,1324.0,1317.0,1320.099976,1320.099976,58.0
115,2016-08-26,1323.800049,1340.5,1320.099976,1321.5,1321.5,141.0
116,2016-08-29,1315.0,1323.0,1315.0,1322.900024,1322.900024,437.0
117,2016-08-30,1322.0,1322.099976,1308.0,1311.699951,1311.699951,705.0
118,2016-08-31,1310.300049,1313.699951,1306.300049,1306.900024,1306.900024,214.0
119,2016-09-01,1305.300049,1313.099976,1301.5,1312.199951,1312.199951,225.0
120,2016-09-02,1309.599976,1326.699951,1309.199951,1322.099976,1322.099976,55.0
121,2016-09-06,1323.300049,1349.400024,1323.199951,1349.400024,1349.400024,46.0
122,2016-09-07,1348.400024,1350.5,1343.900024,1344.300049,1344.300049,14.0
123,2016-09-08,1344.800049,1345.400024,1335.699951,1336.800049,1336.800049,30.0
124,2016-09-09,1338.5,1338.5,1328.0,1330.099976,1330.099976,35.0
125,2016-09-12,1327.0,1329.300049,1319.900024,1321.0,1321.0,177.0
126,2016-09-13,1324.599976,1324.599976,1315.0,1319.0,1319.0,79.0
127,2016-09-14,1319.199951,1322.300049,1319.199951,1321.5,1321.5,73.0
128,2016-09-15,1320.699951,1320.699951,1310.800049,1313.5,1313.5,37.0
129,2016-09-16,1312.199951,1312.599976,1305.800049,1305.800049,1305.800049,4.0
130,2016-09-19,1313.5,1313.5,1313.5,1313.5,1313.5,20.0
131,2016-09-20,1313.699951,1313.699951,1313.699951,1313.699951,1313.699951,97.0
132,2016-09-21,1326.300049,1326.900024,1324.0,1326.900024,1326.900024,76.0
133,2016-09-22,1338.599976,1340.400024,1338.199951,1340.400024,1340.400024,23.0
134,2016-09-23,1337.199951,1337.199951,1337.199951,1337.199951,1337.199951,40.0
135,2016-09-26,1335.199951,1341.800049,1335.199951,1339.699951,1339.699951,24.0
136,2016-09-27,1328.0,1328.699951,1325.900024,1325.900024,1325.900024,48.0
137,2016-09-28,1319.400024,1319.400024,1319.400024,1319.400024,1319.400024,10551.0
138,2016-09-29,1321.199951,1325.0,1314.699951,1321.699951,1321.699951,6108.0
139,2016-09-30,1320.599976,1327.699951,1312.900024,1313.300049,1313.300049,868.0
140,2016-10-03,1313.5,1316.800049,1308.199951,1309.0,1309.0,299.0
141,2016-10-04,1307.599976,1310.199951,1266.300049,1266.300049,1266.300049,1893.0
142,2016-10-05,1272.099976,1274.0,1261.300049,1265.199951,1265.199951,246.0
143,2016-10-06,1265.300049,1265.300049,1249.800049,1249.800049,1249.800049,114.0
144,2016-10-07,1253.900024,1263.599976,1248.900024,1248.900024,1248.900024,169.0
145,2016-10-11,1258.900024,1258.900024,1253.0,1253.0,1253.0,26.0
146,2016-10-12,1251.699951,1254.0,1251.099976,1251.099976,1251.099976,127.0
147,2016-10-13,1258.699951,1259.0,1255.0,1255.0,1255.0,315.0
148,2016-10-14,1253.900024,1253.900024,1250.599976,1253.099976,1253.099976,311.0
149,2016-10-17,1249.900024,1255.0,1249.900024,1254.400024,1254.400024,41.0
150,2016-10-18,1260.900024,1261.699951,1260.800049,1260.800049,1260.800049,11.0
151,2016-10-19,1262.900024,1271.5,1262.900024,1267.900024,1267.900024,219.0
152,2016-10-20,1270.0,1270.5,1265.5,1265.599976,1265.599976,415.0
153,2016-10-21,1265.900024,1265.900024,1265.900024,1265.900024,1265.900024,224.0
154,2016-10-24,1269.199951,1269.199951,1261.800049,1262.0,1262.0,42.0
155,2016-10-25,1264.099976,1274.099976,1264.099976,1271.900024,1271.900024,61.0
156,2016-10-26,1274.0,1274.0,1264.800049,1264.800049,1264.800049,279.0
157,2016-10-27,1269.400024,1269.400024,1267.900024,1267.900024,1267.900024,338.0
158,2016-10-28,1270.300049,1281.5,1262.0,1275.5,1275.5,560.0
159,2016-10-31,1276.599976,1276.599976,1271.5,1271.5,1271.5,58.0
160,2016-11-01,1279.300049,1290.699951,1279.0,1286.400024,1286.400024,49.0
161,2016-11-02,1288.300049,1307.0,1288.300049,1306.800049,1306.800049,30.0
162,2016-11-03,1296.400024,1303.099976,1287.300049,1302.099976,1302.099976,73.0
163,2016-11-04,1300.0,1303.300049,1296.699951,1303.300049,1303.300049,11.0
164,2016-11-07,1292.0,1294.5,1278.300049,1278.300049,1278.300049,34.0
165,2016-11-08,1284.099976,1289.400024,1273.199951,1273.400024,1273.400024,50.0
166,2016-11-09,1272.199951,1318.599976,1270.0,1272.599976,1272.599976,108.0
167,2016-11-10,1274.400024,1287.5,1253.300049,1265.5,1265.5,63.0
168,2016-11-14,1227.800049,1229.5,1210.400024,1221.199951,1221.199951,216.0
169,2016-11-15,1224.300049,1226.0,1222.5,1224.0,1224.0,20.0
170,2016-11-16,1229.300049,1229.300049,1223.0,1223.400024,1223.400024,66.0
171,2016-11-17,1224.599976,1225.0,1211.0,1216.5,1216.5,1139.0
172,2016-11-18,1211.900024,1211.900024,1207.199951,1208.5,1208.5,607.0
173,2016-11-21,1209.599976,1209.599976,1209.599976,1209.599976,1209.599976,19.0
174,2016-11-22,1210.400024,1211.099976,1207.599976,1211.0,1211.0,19.0
175,2016-11-23,1212.800049,1213.800049,1186.800049,1189.099976,1189.099976,309.0
176,2016-11-25,1177.0,1189.300049,1177.0,1178.199951,1178.199951,14.0
177,2016-11-28,1188.0,1190.599976,1188.0,1190.599976,1190.599976,189914.0
178,2016-11-29,1193.199951,1194.800049,1179.400024,1187.900024,1187.900024,42124.0
179,2016-11-30,1187.099976,1193.300049,1167.900024,1170.800049,1170.800049,7158.0
180,2016-12-01,1172.699951,1174.599976,1160.0,1166.900024,1166.900024,1588.0
181,2016-12-02,1172.300049,1177.300049,1166.400024,1175.099976,1175.099976,1521.0
182,2016-12-05,1181.800049,1186.699951,1157.0,1174.0,1174.0,358.0
183,2016-12-06,1170.900024,1174.5,1167.099976,1167.599976,1167.599976,652.0
184,2016-12-07,1167.699951,1178.5,1166.400024,1175.0,1175.0,182.0
185,2016-12-08,1173.800049,1177.800049,1169.099976,1169.800049,1169.800049,322.0
186,2016-12-09,1166.599976,1168.800049,1156.0,1159.400024,1159.400024,365.0
187,2016-12-12,1158.300049,1163.900024,1153.0,1163.5,1163.5,331.0
188,2016-12-13,1163.5,1164.0,1155.400024,1156.699951,1156.699951,637.0
189,2016-12-14,1159.800049,1164.0,1142.0,1161.300049,1161.300049,487.0
190,2016-12-15,1139.800049,1143.300049,1123.900024,1127.800049,1127.800049,244.0
191,2016-12-16,1126.900024,1140.900024,1126.900024,1135.300049,1135.300049,146.0
192,2016-12-19,1139.400024,1140.699951,1137.900024,1140.5,1140.5,249.0
193,2016-12-20,1133.5,1133.5,1126.5,1131.5,1131.5,46.0
194,2016-12-21,1136.099976,1136.099976,1130.0,1131.099976,1131.099976,50.0
195,2016-12-22,1131.199951,1132.800049,1128.300049,1128.800049,1128.800049,104.0
196,2016-12-23,1130.900024,1132.800049,1130.300049,1131.900024,1131.900024,70.0
197,2016-12-27,1134.300049,1142.199951,1134.300049,1137.300049,1137.300049,84.0
198,2016-12-28,1141.199951,1141.199951,1138.0,1139.400024,1139.400024,1570.0
199,2016-12-29,1143.800049,1158.800049,1143.599976,1156.400024,1156.400024,950.0
200,2016-12-30,1162.0,1162.0,1150.0,1150.0,1150.0,16.0
201,2017-01-03,1155.199951,1160.800049,1146.5,1160.400024,1160.400024,52.0
202,2017-01-04,1156.300049,1165.0,1156.300049,1163.800049,1163.800049,36.0
203,2017-01-05,1172.0,1183.300049,1171.5,1179.699951,1179.699951,500.0
204,2017-01-06,1176.5,1176.5,1171.900024,1171.900024,1171.900024,16.0
205,2017-01-09,1173.900024,1183.599976,1173.0,1183.5,1183.5,62.0
206,2017-01-10,1184.300049,1188.900024,1182.300049,1184.199951,1184.199951,8.0
207,2017-01-11,1187.5,1197.0,1176.5,1195.599976,1195.599976,20.0
208,2017-01-12,1192.699951,1204.300049,1192.300049,1198.900024,1198.900024,110.0
209,2017-01-13,1195.699951,1196.0,1187.699951,1195.300049,1195.300049,65.0
210,2017-01-17,1205.5,1214.599976,1200.800049,1212.0,1212.0,79.0
211,2017-01-18,1213.599976,1214.699951,1203.099976,1211.300049,1211.300049,114.0
212,2017-01-19,1200.5,1204.0,1195.800049,1200.900024,1200.900024,26.0
213,2017-01-20,1202.800049,1212.099976,1202.800049,1204.300049,1204.300049,38.0
214,2017-01-23,1212.0,1215.0,1210.0,1215.0,1215.0,16.0
215,2017-01-24,1219.0,1219.0,1207.699951,1210.300049,1210.300049,24.0
216,2017-01-25,1202.0,1202.800049,1194.900024,1197.300049,1197.300049,403.0
217,2017-01-26,1199.699951,1199.699951,1185.599976,1189.5,1189.5,19.0
218,2017-01-27,1187.900024,1188.300049,1187.900024,1188.099976,1188.099976,234352.0
219,2017-01-30,1191.699951,1198.5,1187.099976,1193.199951,1193.199951,50503.0
220,2017-01-31,1194.900024,1214.699951,1193.5,1208.599976,1208.599976,3212.0
221,2017-02-01,1211.900024,1211.900024,1197.900024,1205.599976,1205.599976,1145.0
222,2017-02-02,1209.699951,1224.199951,1208.900024,1216.699951,1216.699951,1512.0
223,2017-02-03,1214.900024,1220.599976,1206.199951,1218.5,1218.5,865.0
224,2017-02-06,1221.900024,1235.400024,1218.5,1230.0,1230.0,908.0
225,2017-02-07,1234.199951,1236.199951,1228.5,1234.199951,1234.199951,1177.0
226,2017-02-08,1232.099976,1243.900024,1231.0,1237.599976,1237.599976,288.0
227,2017-02-09,1239.400024,1243.5,1226.900024,1235.099976,1235.099976,885.0
228,2017-02-10,1227.599976,1234.400024,1221.5,1234.400024,1234.400024,391.0
229,2017-02-13,1230.5,1231.099976,1219.0,1224.400024,1224.400024,398.0
230,2017-02-14,1225.900024,1233.5,1222.099976,1223.900024,1223.900024,159.0
231,2017-02-15,1225.5,1231.699951,1217.300049,1231.699951,1231.699951,175.0
232,2017-02-16,1234.5,1240.699951,1233.199951,1240.0,1240.0,87.0
233,2017-02-17,1240.699951,1241.199951,1234.800049,1237.599976,1237.599976,301.0
234,2017-02-21,1237.300049,1237.5,1228.099976,1237.5,1237.5,119.0
235,2017-02-22,1236.099976,1238.599976,1231.800049,1232.0,1232.0,36.0
236,2017-02-23,1236.099976,1250.300049,1236.099976,1250.199951,1250.199951,112.0
237,2017-02-24,1250.0,1258.800049,1250.0,1256.900024,1256.900024,1264.0
238,2017-02-27,1254.699951,1263.099976,1250.400024,1257.400024,1257.400024,544.0
239,2017-02-28,1253.599976,1257.300049,1247.199951,1252.599976,1252.599976,721.0
240,2017-03-01,1247.800049,1248.900024,1236.900024,1248.900024,1248.900024,138.0
241,2017-03-02,1247.199951,1247.599976,1230.699951,1231.900024,1231.900024,79.0
242,2017-03-03,1231.699951,1235.199951,1222.900024,1225.5,1225.5,121.0
243,2017-03-06,1235.199951,1235.199951,1224.5,1224.5,1224.5,29.0
244,2017-03-07,1224.300049,1225.400024,1213.699951,1215.099976,1215.099976,53.0
245,2017-03-08,1212.199951,1212.199951,1206.699951,1208.5,1208.5,24.0
246,2017-03-09,1204.5,1205.599976,1202.300049,1202.400024,1202.400024,37.0
247,2017-03-10,1196.199951,1203.300049,1196.199951,1200.699951,1200.699951,3.0
248,2017-03-13,1206.199951,1210.0,1202.300049,1202.400024,1202.400024,35.0
249,2017-03-14,1203.099976,1205.900024,1196.800049,1201.900024,1201.900024,22.0
250,2017-03-15,1198.199951,1221.199951,1197.699951,1200.099976,1200.099976,36.0
251,2017-03-16,1222.199951,1231.400024,1222.199951,1226.5,1226.5,47.0
252,2017-03-17,1227.099976,1230.900024,1227.099976,1229.800049,1229.800049,26.0
253,2017-03-20,1229.300049,1234.400024,1229.300049,1233.599976,1233.599976,23.0
254,2017-03-21,1226.400024,1246.099976,1226.400024,1246.099976,1246.099976,11.0
255,2017-03-22,1247.900024,1249.5,1247.699951,1249.300049,1249.300049,3.0
256,2017-03-23,1246.400024,1247.5,1244.800049,1246.900024,1246.900024,16.0
257,2017-03-24,1248.0,1248.300049,1247.599976,1248.199951,1248.199951,3.0
258,2017-03-27,1255.800049,1257.699951,1253.800049,1255.400024,1255.400024,72.0
259,2017-03-28,1255.900024,1255.900024,1255.300049,1255.300049,1255.300049,19.0
260,2017-03-29,1252.199951,1253.400024,1252.099976,1253.400024,1253.400024,190678.0
261,2017-03-30,1253.099976,1253.599976,1241.099976,1245.0,1245.0,51328.0
262,2017-03-31,1242.099976,1248.800049,1238.699951,1247.300049,1247.300049,8223.0
263,2017-04-03,1247.5,1252.400024,1243.599976,1250.800049,1250.800049,1160.0
264,2017-04-04,1253.099976,1260.300049,1253.0,1255.0,1255.0,724.0
265,2017-04-05,1255.400024,1255.400024,1243.0,1245.400024,1245.400024,907.0
266,2017-04-06,1256.099976,1257.5,1249.0,1250.300049,1250.300049,169.0
267,2017-04-07,1249.5,1269.099976,1249.5,1254.300049,1254.300049,445.0
268,2017-04-10,1252.699951,1255.199951,1246.800049,1251.099976,1251.099976,182.0
269,2017-04-11,1254.5,1273.5,1254.5,1271.199951,1271.199951,401.0
270,2017-04-12,1275.0,1285.099976,1272.0,1275.300049,1275.300049,492.0
271,2017-04-13,1285.300049,1287.599976,1282.0,1285.900024,1285.900024,915.0
272,2017-04-17,1291.800049,1294.800049,1284.300049,1289.400024,1289.400024,73.0
273,2017-04-18,1283.900024,1291.699951,1278.599976,1291.699951,1291.699951,394.0
274,2017-04-19,1288.0,1288.0,1274.0,1281.400024,1281.400024,194.0
275,2017-04-20,1279.699951,1281.900024,1276.199951,1281.900024,1281.900024,127.0
276,2017-04-21,1279.800049,1287.400024,1279.199951,1287.400024,1287.400024,474.0
277,2017-04-24,1275.0,1276.400024,1265.0,1275.800049,1275.800049,605.0
278,2017-04-25,1275.599976,1276.900024,1262.099976,1265.599976,1265.599976,356.0
279,2017-04-26,1266.0,1266.0,1262.099976,1262.099976,1262.099976,1156.0
280,2017-04-27,1266.699951,1267.199951,1262.199951,1263.699951,1263.699951,206.0
281,2017-04-28,1265.900024,1267.199951,1264.699951,1266.099976,1266.099976,85.0
282,2017-05-01,1268.699951,1269.300049,1253.300049,1253.300049,1253.300049,34.0
283,2017-05-02,1256.199951,1256.199951,1251.199951,1255.099976,1255.099976,90.0
284,2017-05-03,1255.099976,1255.800049,1238.699951,1246.400024,1246.400024,195.0
285,2017-05-04,1239.800049,1239.800049,1224.199951,1226.5,1226.5,72.0
286,2017-05-05,1227.0,1233.699951,1224.800049,1224.800049,1224.800049,16.0
287,2017-05-08,1224.0,1234.0,1224.0,1225.300049,1225.300049,43.0
288,2017-05-09,1226.099976,1226.199951,1214.0,1214.300049,1214.300049,55.0
289,2017-05-10,1219.800049,1220.199951,1217.300049,1217.300049,1217.300049,23.0
290,2017-05-11,1218.5,1222.699951,1218.300049,1222.699951,1222.699951,13.0
291,2017-05-12,1228.0,1229.5,1226.099976,1226.199951,1226.199951,29.0
292,2017-05-15,1227.5,1232.699951,1227.5,1228.599976,1228.599976,13.0
293,2017-05-16,1230.400024,1237.300049,1230.400024,1235.0,1235.0,20.0
294,2017-05-17,1241.0,1259.199951,1240.699951,1257.5,1257.5,26.0
295,2017-05-18,1254.800049,1260.0,1245.800049,1251.699951,1251.699951,43.0
296,2017-05-19,1252.699951,1252.699951,1252.699951,1252.699951,1252.699951,14.0
297,2017-05-22,1251.699951,1260.699951,1251.699951,1260.699951,1260.699951,14.0
298,2017-05-23,1261.5,1261.599976,1250.599976,1254.800049,1254.800049,20.0
299,2017-05-24,1251.900024,1257.800049,1249.699951,1252.400024,1252.400024,14.0
300,2017-05-25,1257.099976,1258.300049,1255.800049,1255.800049,1255.800049,11.0
301,2017-05-26,1267.599976,1267.599976,1267.599976,1267.599976,1267.599976,271457.0
302,2017-05-30,1267.400024,1270.0,1258.400024,1262.099976,1262.099976,129819.0
303,2017-05-31,1262.400024,1273.199951,1258.5,1272.0,1272.0,2712.0
304,2017-06-01,1268.0,1269.199951,1260.800049,1267.0,1267.0,825.0
305,2017-06-02,1265.199951,1279.0,1259.0,1276.800049,1276.800049,1732.0
306,2017-06-05,1279.199951,1282.0,1277.0,1279.300049,1279.300049,433.0
307,2017-06-06,1279.400024,1295.199951,1279.400024,1294.400024,1294.400024,942.0
308,2017-06-07,1291.599976,1293.099976,1284.300049,1290.099976,1290.099976,641.0
309,2017-06-08,1285.400024,1287.599976,1268.099976,1276.300049,1276.300049,319.0
310,2017-06-09,1277.900024,1277.900024,1264.599976,1268.5,1268.5,467.0
311,2017-06-12,1266.400024,1269.300049,1263.199951,1266.099976,1266.099976,255.0
312,2017-06-13,1264.099976,1266.900024,1259.699951,1265.800049,1265.800049,150.0
313,2017-06-14,1269.400024,1278.0,1256.800049,1272.800049,1272.800049,336.0
314,2017-06-15,1263.199951,1264.199951,1250.300049,1252.199951,1252.199951,743.0
315,2017-06-16,1252.800049,1255.300049,1251.300049,1254.0,1254.0,34.0
316,2017-06-19,1252.099976,1252.199951,1241.900024,1244.199951,1244.199951,108.0
317,2017-06-20,1242.199951,1245.5,1240.5,1241.0,1241.0,75.0
318,2017-06-21,1244.099976,1245.0,1240.0,1243.400024,1243.400024,205.0
319,2017-06-22,1251.0,1252.699951,1246.300049,1247.599976,1247.599976,156.0
320,2017-06-23,1250.0,1273.599976,1249.800049,1256.199951,1256.199951,269.0
321,2017-06-26,1260.199951,1260.199951,1241.599976,1246.300049,1246.300049,194.0
322,2017-06-27,1251.599976,1251.800049,1245.900024,1246.400024,1246.400024,111.0
323,2017-06-28,1248.5,1248.5,1248.0,1248.0,1248.0,370.0
324,2017-06-29,1248.199951,1250.699951,1238.099976,1244.199951,1244.199951,540.0
325,2017-06-30,1243.699951,1243.699951,1239.099976,1240.699951,1240.699951,43.0
327,2017-07-05,1222.5,1225.0,1217.099976,1220.400024,1220.400024,40.0
328,2017-07-06,1225.099976,1225.099976,1222.199951,1222.199951,1222.199951,5.0
329,2017-07-07,1219.099976,1220.400024,1208.599976,1208.599976,1208.599976,116.0
330,2017-07-10,1211.400024,1212.099976,1209.599976,1212.099976,1212.099976,28.0
331,2017-07-11,1208.699951,1214.900024,1208.699951,1213.599976,1213.599976,12.0
332,2017-07-12,1218.300049,1219.400024,1217.900024,1218.099976,1218.099976,7.0
333,2017-07-13,1221.400024,1221.400024,1216.300049,1216.300049,1216.300049,7.0
334,2017-07-14,1214.900024,1227.5,1214.800049,1226.599976,1226.599976,23.0
335,2017-07-17,1229.900024,1233.400024,1229.900024,1232.800049,1232.800049,7.0
336,2017-07-18,1236.199951,1241.199951,1236.199951,1241.099976,1241.099976,29.0
337,2017-07-19,1240.400024,1241.199951,1240.099976,1241.199951,1241.199951,3.0
338,2017-07-20,1236.599976,1244.800049,1236.599976,1244.800049,1244.800049,5.0
339,2017-07-21,1250.699951,1254.300049,1250.5,1254.300049,1254.300049,16.0
340,2017-07-24,1256.0,1256.0,1253.900024,1253.900024,1253.900024,8.0
341,2017-07-25,1252.699951,1253.599976,1249.199951,1251.699951,1251.699951,18.0
342,2017-07-26,1244.800049,1249.0,1244.800049,1249.0,1249.0,7.0
343,2017-07-27,1259.599976,1259.599976,1259.599976,1259.599976,1259.599976,220309.0
344,2017-07-28,1258.400024,1270.0,1256.900024,1268.400024,1268.400024,64180.0
345,2017-07-31,1268.900024,1270.800049,1265.800049,1266.599976,1266.599976,7780.0
346,2017-08-01,1268.400024,1273.300049,1262.0,1272.599976,1272.599976,1061.0
347,2017-08-02,1268.5,1272.099976,1262.900024,1271.800049,1271.800049,393.0
348,2017-08-03,1265.900024,1269.800049,1256.599976,1267.800049,1267.800049,878.0
349,2017-08-04,1269.0,1269.599976,1253.900024,1258.300049,1258.300049,521.0
350,2017-08-07,1258.699951,1259.099976,1255.300049,1258.199951,1258.199951,260.0
351,2017-08-08,1256.900024,1264.099976,1251.400024,1256.400024,1256.400024,555.0
352,2017-08-09,1260.199951,1277.800049,1260.199951,1273.0,1273.0,574.0
353,2017-08-10,1276.599976,1287.400024,1274.900024,1283.699951,1283.699951,608.0
354,2017-08-11,1286.300049,1291.099976,1282.0,1287.699951,1287.699951,139.0
355,2017-08-14,1288.400024,1288.400024,1278.800049,1284.199951,1284.199951,338.0
356,2017-08-15,1280.5,1280.5,1267.400024,1273.699951,1273.699951,188.0
357,2017-08-16,1271.300049,1282.599976,1269.400024,1276.900024,1276.900024,110.0
358,2017-08-17,1283.800049,1288.5,1283.199951,1286.400024,1286.400024,43.0
359,2017-08-18,1288.599976,1300.699951,1284.300049,1285.699951,1285.699951,358.0
360,2017-08-21,1285.199951,1290.800049,1284.699951,1290.800049,1290.800049,18.0
361,2017-08-22,1287.199951,1288.400024,1283.199951,1285.099976,1285.099976,100.0
362,2017-08-23,1289.400024,1289.400024,1286.900024,1288.900024,1288.900024,250.0
363,2017-08-24,1288.699951,1288.699951,1284.0,1286.5,1286.5,550.0
364,2017-08-25,1285.400024,1292.699951,1280.300049,1292.5,1292.5,280.0
365,2017-08-28,1293.5,1311.300049,1293.5,1309.699951,1309.699951,145.0
366,2017-08-29,1318.800049,1323.800049,1313.099976,1313.099976,1313.099976,1178.0
367,2017-08-30,1308.199951,1312.5,1304.900024,1308.099976,1308.099976,1178.0
368,2017-08-31,1306.599976,1322.300049,1301.699951,1316.199951,1316.199951,373.0
369,2017-09-01,1320.199951,1327.699951,1316.900024,1324.5,1324.5,313.0
370,2017-09-05,1335.199951,1339.199951,1328.599976,1339.199951,1339.199951,39.0
371,2017-09-06,1340.0,1340.300049,1332.599976,1333.900024,1333.900024,20.0
372,2017-09-07,1336.400024,1349.0,1336.400024,1345.099976,1345.099976,26.0
373,2017-09-08,1351.0,1355.800049,1345.599976,1346.0,1346.0,37.0
374,2017-09-11,1331.0,1331.0,1327.300049,1331.0,1331.0,9.0
375,2017-09-12,1327.0,1328.0,1325.199951,1328.0,1328.0,15.0
376,2017-09-13,1323.400024,1323.400024,1323.400024,1323.400024,1323.400024,16.0
377,2017-09-14,1319.599976,1329.300049,1319.599976,1324.699951,1324.699951,316.0
378,2017-09-15,1320.599976,1321.199951,1319.800049,1320.400024,1320.400024,15.0
379,2017-09-18,1309.800049,1310.400024,1306.0,1306.300049,1306.300049,129.0
380,2017-09-19,1307.900024,1310.300049,1305.099976,1306.199951,1306.199951,20.0
381,2017-09-20,1312.0,1312.0,1298.699951,1312.0,1312.0,12.0
382,2017-09-21,1299.099976,1304.099976,1290.300049,1290.599976,1290.599976,336.0
383,2017-09-22,1295.0,1295.699951,1293.300049,1293.300049,1293.300049,209.0
384,2017-09-25,1293.099976,1309.199951,1291.0,1306.800049,1306.800049,51.0
385,2017-09-26,1304.5,1305.599976,1297.0,1297.0,1297.0,39.0
386,2017-09-27,1283.400024,1283.400024,1283.400024,1283.400024,1283.400024,19488.0
387,2017-09-28,1283.099976,1288.0,1277.0,1285.5,1285.5,5226.0
388,2017-09-29,1284.199951,1289.400024,1281.5,1281.5,1281.5,492.0
389,2017-10-02,1275.0,1276.099976,1270.400024,1272.699951,1272.699951,136.0
390,2017-10-03,1269.699951,1273.300049,1268.599976,1271.5,1271.5,192.0
391,2017-10-04,1273.800049,1280.800049,1270.0,1273.699951,1273.699951,218.0
392,2017-10-05,1277.800049,1277.800049,1267.599976,1269.900024,1269.900024,36.0
393,2017-10-06,1267.599976,1272.0,1260.5,1271.599976,1271.599976,46.0
394,2017-10-09,1280.599976,1284.0,1279.0,1281.800049,1281.800049,19.0
395,2017-10-10,1282.599976,1293.0,1281.699951,1290.599976,1290.599976,18.0
396,2017-10-11,1287.300049,1292.0,1284.900024,1285.800049,1285.800049,21.0
397,2017-10-12,1291.5,1294.5,1289.300049,1293.300049,1293.300049,14.0
398,2017-10-13,1293.300049,1301.699951,1291.699951,1301.5,1301.5,74.0
399,2017-10-16,1302.0,1303.800049,1291.900024,1299.900024,1299.900024,173.0
400,2017-10-17,1295.099976,1295.099976,1283.0,1283.0,1283.0,571.0
401,2017-10-18,1279.900024,1279.900024,1279.900024,1279.900024,1279.900024,163.0
402,2017-10-19,1286.400024,1286.900024,1285.099976,1286.900024,1286.900024,134.0
403,2017-10-20,1279.599976,1279.599976,1277.400024,1277.400024,1277.400024,304.0
404,2017-10-23,1274.699951,1280.800049,1271.5,1277.699951,1277.699951,115.0
405,2017-10-24,1275.5,1275.5,1273.699951,1275.0,1275.0,111.0
406,2017-10-25,1269.900024,1275.400024,1269.900024,1275.400024,1275.400024,105.0
407,2017-10-26,1273.5,1273.5,1264.699951,1266.300049,1266.300049,39.0
408,2017-10-27,1268.400024,1268.5,1267.099976,1268.5,1268.5,567.0
409,2017-10-30,1270.0,1274.099976,1267.900024,1274.099976,1274.099976,222.0
410,2017-10-31,1273.099976,1274.599976,1266.099976,1267.0,1267.0,235.0
411,2017-11-01,1272.199951,1274.800049,1270.300049,1274.099976,1274.099976,78.0
412,2017-11-02,1274.900024,1274.900024,1274.900024,1274.900024,1274.900024,70.0
413,2017-11-03,1265.300049,1267.900024,1265.300049,1266.5,1266.5,75.0
414,2017-11-06,1269.0,1280.5,1269.0,1279.400024,1279.400024,128.0
415,2017-11-07,1276.800049,1276.800049,1270.400024,1273.699951,1273.699951,11.0
416,2017-11-08,1275.900024,1284.900024,1274.699951,1281.599976,1281.599976,15.0
417,2017-11-09,1279.699951,1286.900024,1279.699951,1285.599976,1285.599976,18.0
418,2017-11-10,1283.5,1283.5,1272.400024,1272.400024,1272.400024,10.0
419,2017-11-13,1277.300049,1277.300049,1277.0,1277.300049,1277.300049,3.0
420,2017-11-14,1276.900024,1281.5,1276.900024,1281.5,1281.5,4.0
421,2017-11-15,1281.400024,1284.699951,1275.900024,1276.5,1276.5,13.0
422,2017-11-16,1277.5,1277.5,1277.400024,1277.400024,1277.400024,43.0
423,2017-11-17,1288.300049,1295.800049,1288.300049,1295.800049,1295.800049,1.0
424,2017-11-20,1274.599976,1275.900024,1274.599976,1274.599976,1274.599976,1.0
425,2017-11-21,1281.099976,1281.099976,1281.099976,1281.099976,1281.099976,4.0
426,2017-11-22,1284.699951,1291.599976,1282.900024,1291.599976,1291.599976,4.0
428,2017-11-27,1293.800049,1293.800049,1293.800049,1293.800049,1293.800049,1.0
429,2017-11-28,1294.699951,1294.699951,1294.699951,1294.699951,1294.699951,275442.0
430,2017-11-29,1293.400024,1296.199951,1281.099976,1282.099976,1282.099976,47244.0
431,2017-11-30,1283.099976,1284.5,1269.699951,1273.199951,1273.199951,3049.0
432,2017-12-01,1274.099976,1288.599976,1271.0,1278.800049,1278.800049,823.0
433,2017-12-04,1272.5,1276.099976,1270.300049,1274.300049,1274.300049,850.0
434,2017-12-05,1275.400024,1275.800049,1260.0,1261.599976,1261.599976,1499.0
435,2017-12-06,1264.900024,1267.800049,1261.599976,1262.800049,1262.800049,373.0
436,2017-12-07,1262.300049,1262.400024,1243.900024,1249.800049,1249.800049,358.0
437,2017-12-08,1246.300049,1249.300049,1241.5,1245.199951,1245.199951,157.0
438,2017-12-11,1248.400024,1249.199951,1239.900024,1243.699951,1243.699951,146.0
439,2017-12-12,1241.300049,1244.400024,1236.5,1238.5,1238.5,692.0
440,2017-12-13,1241.900024,1254.5,1239.800049,1245.400024,1245.400024,349.0
441,2017-12-14,1252.900024,1257.699951,1250.300049,1253.800049,1253.800049,139.0
442,2017-12-15,1253.099976,1260.300049,1253.099976,1254.300049,1254.300049,578.0
443,2017-12-18,1256.199951,1262.400024,1255.699951,1262.199951,1262.199951,45.0
444,2017-12-19,1261.099976,1264.300049,1259.5,1260.699951,1260.699951,329.0
445,2017-12-20,1261.300049,1266.599976,1261.300049,1266.099976,1266.099976,63.0
446,2017-12-21,1266.400024,1267.400024,1264.300049,1267.300049,1267.300049,226.0
447,2017-12-22,1266.300049,1276.300049,1266.300049,1275.400024,1275.400024,119.0
448,2017-12-26,1282.400024,1284.099976,1281.800049,1284.099976,1284.099976,84.0
449,2017-12-27,1284.0,1287.0,1284.0,1287.0,1287.0,456.0
450,2017-12-28,1288.199951,1294.099976,1288.199951,1294.099976,1294.099976,245.0
451,2017-12-29,1294.199951,1306.300049,1294.0,1306.300049,1306.300049,65.0
452,2018-01-02,1302.300049,1317.599976,1302.300049,1313.699951,1313.699951,68.0
453,2018-01-03,1320.0,1320.099976,1312.099976,1316.199951,1316.199951,42.0
454,2018-01-04,1319.400024,1322.0,1319.400024,1319.400024,1319.400024,2.0
455,2018-01-05,1320.300049,1320.300049,1320.300049,1320.300049,1320.300049,1.0
456,2018-01-08,1319.900024,1319.900024,1314.599976,1318.599976,1318.599976,41.0
457,2018-01-09,1309.599976,1311.699951,1309.599976,1311.699951,1311.699951,16.0
458,2018-01-10,1320.300049,1320.699951,1315.300049,1317.400024,1317.400024,70.0
459,2018-01-11,1317.099976,1320.599976,1316.300049,1320.599976,1320.599976,9.0
460,2018-01-12,1327.800049,1338.199951,1327.800049,1333.400024,1333.400024,14.0
461,2018-01-16,1331.099976,1335.400024,1331.0,1335.400024,1335.400024,13.0
462,2018-01-17,1334.400024,1338.0,1326.800049,1338.0,1338.0,27.0
463,2018-01-18,1328.900024,1328.900024,1326.0,1326.0,1326.0,211.0
464,2018-01-19,1330.099976,1333.0,1330.099976,1331.900024,1331.900024,50.0
465,2018-01-22,1328.400024,1330.900024,1328.400024,1330.900024,1330.900024,162.0
466,2018-01-23,1335.800049,1335.900024,1335.699951,1335.699951,1335.699951,47.0
467,2018-01-24,1355.900024,1357.199951,1355.900024,1355.900024,1355.900024,18.0
468,2018-01-25,1356.300049,1362.400024,1346.699951,1362.400024,1362.400024,4.0
469,2018-01-26,1351.599976,1352.0,1350.900024,1351.599976,1351.599976,280546.0
471,2018-01-30,1338.699951,1347.800049,1332.800049,1335.400024,1335.400024,52100.0
472,2018-01-31,1337.5,1346.900024,1331.800049,1339.0,1339.0,4881.0
473,2018-02-01,1343.800049,1350.599976,1336.800049,1344.300049,1344.300049,1680.0
474,2018-02-02,1348.5,1352.099976,1327.699951,1333.699951,1333.699951,2841.0
475,2018-02-05,1331.099976,1340.199951,1329.0,1333.0,1333.0,641.0
476,2018-02-06,1338.199951,1343.699951,1319.5,1326.099976,1326.099976,529.0
477,2018-02-07,1325.400024,1331.099976,1310.5,1311.599976,1311.599976,491.0
478,2018-02-08,1317.099976,1321.099976,1307.0,1316.900024,1316.900024,459.0
479,2018-02-09,1320.900024,1322.0,1311.900024,1313.099976,1313.099976,451.0
480,2018-02-12,1323.800049,1325.5,1318.0,1324.199951,1324.199951,140.0
481,2018-02-13,1324.5,1329.599976,1323.400024,1328.099976,1328.099976,71.0
482,2018-02-14,1332.800049,1355.5,1324.0,1355.5,1355.5,400.0
483,2018-02-15,1352.0,1355.900024,1349.699951,1352.099976,1352.099976,111.0
484,2018-02-16,1354.0,1361.400024,1344.900024,1353.199951,1353.199951,110.0
485,2018-02-20,1348.400024,1350.199951,1328.5,1328.800049,1328.800049,283.0
486,2018-02-21,1326.800049,1331.5,1324.400024,1330.0,1330.0,119.0
487,2018-02-22,1322.0,1331.400024,1322.0,1330.599976,1330.599976,70.0
488,2018-02-23,1328.0,1332.099976,1327.699951,1328.199951,1328.199951,427.0
489,2018-02-26,1335.0,1340.5,1330.699951,1330.699951,1330.699951,652.0
490,2018-02-27,1331.699951,1332.599976,1312.699951,1315.5,1315.5,710.0
491,2018-02-28,1315.400024,1321.0,1315.400024,1315.5,1315.5,58.0
492,2018-03-01,1310.400024,1318.099976,1301.800049,1302.900024,1302.900024,43.0
493,2018-03-02,1314.300049,1323.199951,1314.300049,1321.099976,1321.099976,155.0
494,2018-03-05,1323.5,1325.900024,1318.099976,1318.099976,1318.099976,18.0
495,2018-03-06,1321.599976,1333.599976,1321.400024,1333.599976,1333.599976,18.0
496,2018-03-07,1338.099976,1338.099976,1326.0,1326.0,1326.0,27.0
497,2018-03-08,1324.800049,1326.800049,1319.300049,1319.900024,1319.900024,62.0
498,2018-03-09,1316.800049,1322.400024,1313.0,1322.400024,1322.400024,88.0
499,2018-03-12,1319.400024,1319.400024,1319.400024,1319.400024,1319.400024,0.0
500,2018-03-13,1325.900024,1325.900024,1325.300049,1325.900024,1325.900024,13.0
501,2018-03-14,1322.199951,1324.400024,1322.199951,1324.400024,1324.400024,19.0
502,2018-03-15,1316.800049,1316.800049,1316.800049,1316.800049,1316.800049,0.0
503,2018-03-16,1310.099976,1311.300049,1310.099976,1311.300049,1311.300049,34.0
504,2018-03-19,1309.400024,1316.900024,1307.300049,1316.800049,1316.800049,6.0
505,2018-03-20,1311.099976,1311.099976,1311.099976,1311.099976,1311.099976,4.0
506,2018-03-21,1312.400024,1328.800049,1312.400024,1320.699951,1320.699951,34.0
507,2018-03-22,1326.599976,1326.599976,1326.599976,1326.599976,1326.599976,0.0
508,2018-03-23,1343.199951,1349.300049,1343.199951,1349.300049,1349.300049,8.0
509,2018-03-26,1348.5,1354.400024,1345.099976,1354.400024,1354.400024,10.0
510,2018-03-27,1341.0,1341.300049,1341.0,1341.300049,1341.300049,290889.0
511,2018-03-28,1345.0,1346.400024,1322.400024,1324.199951,1324.199951,59284.0
512,2018-03-29,1324.0,1327.099976,1321.699951,1322.800049,1322.800049,5585.0
513,2018-04-02,1327.0,1344.199951,1324.699951,1342.099976,1342.099976,649.0
514,2018-04-03,1340.400024,1341.5,1328.5,1332.800049,1332.800049,702.0
515,2018-04-04,1331.800049,1347.300049,1331.599976,1335.800049,1335.800049,718.0
516,2018-04-05,1333.5,1333.699951,1322.599976,1324.300049,1324.300049,258.0
517,2018-04-06,1326.5,1333.0,1319.0,1331.900024,1331.900024,348.0
518,2018-04-09,1333.0,1337.5,1327.0,1336.300049,1336.300049,290.0
519,2018-04-10,1335.199951,1342.0,1333.0,1342.0,1342.0,105.0
520,2018-04-11,1340.099976,1365.400024,1340.099976,1356.5,1356.5,118.0
521,2018-04-12,1351.199951,1351.5,1334.599976,1338.400024,1338.400024,34.0
522,2018-04-13,1335.900024,1346.0,1335.900024,1344.800049,1344.800049,67.0
523,2018-04-16,1341.0,1348.800049,1341.0,1347.5,1347.5,60.0
524,2018-04-17,1348.0,1348.099976,1339.0,1347.199951,1347.199951,409.0
525,2018-04-18,1343.5,1354.199951,1343.5,1351.199951,1351.199951,45.0
526,2018-04-19,1348.599976,1355.199951,1341.599976,1346.800049,1346.800049,387.0
527,2018-04-20,1342.5,1343.400024,1335.300049,1336.699951,1336.699951,310.0
528,2018-04-23,1334.0,1334.400024,1322.5,1322.5,1322.5,68.0
529,2018-04-24,1326.400024,1331.699951,1326.199951,1331.400024,1331.400024,28.0
530,2018-04-25,1324.0,1325.0,1320.0,1321.199951,1321.199951,278.0
531,2018-04-26,1315.699951,1316.300049,1315.699951,1316.300049,1316.300049,569.0
532,2018-04-27,1315.300049,1321.699951,1312.800049,1320.300049,1320.300049,622.0
533,2018-04-30,1309.599976,1316.199951,1309.599976,1316.199951,1316.199951,49.0
534,2018-05-01,1313.199951,1313.800049,1303.400024,1303.800049,1303.800049,28.0
535,2018-05-02,1309.0,1309.300049,1302.599976,1302.599976,1302.599976,23.0
536,2018-05-03,1310.699951,1310.699951,1310.699951,1310.699951,1310.699951,4.0
537,2018-05-04,1312.699951,1312.699951,1312.699951,1312.699951,1312.699951,0.0
538,2018-05-07,1310.599976,1312.5,1310.199951,1312.199951,1312.199951,4.0
539,2018-05-08,1310.099976,1312.0,1308.5,1312.0,1312.0,337.0
540,2018-05-09,1311.300049,1311.300049,1311.300049,1311.300049,1311.300049,70.0
541,2018-05-10,1312.199951,1320.800049,1312.199951,1320.800049,1320.800049,8.0
542,2018-05-11,1319.0,1319.0,1319.0,1319.0,1319.0,3.0
543,2018-05-14,1319.900024,1319.900024,1316.5,1316.5,1316.5,4.0
544,2018-05-15,1304.599976,1304.699951,1288.900024,1288.900024,1288.900024,8.0
545,2018-05-16,1290.900024,1294.0,1285.400024,1290.199951,1290.199951,26.0
546,2018-05-17,1291.300049,1291.300049,1288.199951,1288.199951,1288.199951,2.0
547,2018-05-18,1285.199951,1290.199951,1285.199951,1290.199951,1290.199951,2.0
548,2018-05-21,1287.400024,1292.099976,1287.400024,1290.199951,1290.199951,52.0
549,2018-05-22,1291.699951,1291.699951,1291.699951,1291.699951,1291.699951,50.0
550,2018-05-23,1289.300049,1289.300049,1289.300049,1289.300049,1289.300049,10.0
551,2018-05-24,1303.699951,1303.699951,1303.699951,1303.699951,1303.699951,0.0
552,2018-05-25,1303.300049,1303.300049,1303.300049,1303.300049,1303.300049,1.0
553,2018-05-29,1298.699951,1298.699951,1298.699951,1298.699951,1298.699951,386334.0
554,2018-05-30,1298.0,1303.699951,1295.199951,1301.5,1301.5,50845.0
555,2018-05-31,1301.0,1306.800049,1296.599976,1300.099976,1300.099976,4082.0
556,2018-06-01,1298.599976,1299.5,1288.900024,1294.800049,1294.800049,663.0
557,2018-06-04,1293.900024,1297.099976,1290.0,1293.099976,1293.099976,144.0
558,2018-06-05,1292.099976,1299.800049,1289.900024,1297.5,1297.5,357.0
559,2018-06-06,1296.099976,1300.400024,1294.099976,1297.099976,1297.099976,373.0
560,2018-06-07,1298.400024,1302.800049,1296.199951,1298.699951,1298.699951,79.0
561,2018-06-08,1295.300049,1299.400024,1294.800049,1298.099976,1298.099976,650.0
562,2018-06-11,1299.300049,1302.0,1295.199951,1298.900024,1298.900024,71.0
563,2018-06-12,1297.800049,1298.099976,1292.699951,1295.099976,1295.099976,153.0
564,2018-06-13,1294.0,1299.400024,1290.900024,1296.900024,1296.900024,135.0
565,2018-06-14,1297.199951,1307.699951,1297.199951,1304.0,1304.0,42.0
566,2018-06-15,1297.199951,1307.699951,1274.0,1274.599976,1274.599976,589.0
567,2018-06-18,1280.699951,1280.699951,1276.199951,1276.199951,1276.199951,35.0
568,2018-06-19,1278.699951,1281.800049,1269.900024,1275.599976,1275.599976,34.0
569,2018-06-20,1274.400024,1274.400024,1271.199951,1271.199951,1271.199951,7.0
570,2018-06-21,1262.699951,1268.900024,1260.0,1267.199951,1267.199951,46.0
571,2018-06-22,1268.099976,1270.199951,1267.0,1267.400024,1267.400024,74.0
572,2018-06-25,1270.599976,1271.199951,1265.599976,1265.599976,1265.599976,37.0
573,2018-06-26,1267.199951,1267.199951,1256.599976,1256.599976,1256.599976,89.0
574,2018-06-27,1255.5,1255.5,1252.300049,1252.800049,1252.800049,1162.0
575,2018-06-28,1251.699951,1251.699951,1244.800049,1247.800049,1247.800049,378.0
576,2018-06-29,1250.300049,1253.300049,1249.099976,1251.300049,1251.300049,48.0
577,2018-07-02,1249.900024,1249.900024,1239.800049,1239.800049,1239.800049,29.0
579,2018-07-05,1255.5,1257.300049,1253.599976,1257.300049,1257.300049,9.0
580,2018-07-06,1255.5,1255.5,1254.300049,1254.300049,1254.300049,7.0
581,2018-07-09,1258.199951,1262.300049,1257.699951,1258.099976,1258.099976,37.0
582,2018-07-10,1256.199951,1256.900024,1249.300049,1253.800049,1253.800049,65.0
583,2018-07-11,1253.199951,1253.199951,1242.800049,1242.800049,1242.800049,30.0
584,2018-07-12,1240.900024,1246.699951,1240.900024,1245.0,1245.0,7.0
585,2018-07-13,1244.699951,1247.0,1239.599976,1239.599976,1239.599976,2.0
586,2018-07-16,1242.699951,1243.800049,1238.099976,1238.099976,1238.099976,2.0
587,2018-07-17,1225.699951,1225.699951,1225.699951,1225.699951,1225.699951,0.0
588,2018-07-18,1226.699951,1226.699951,1222.199951,1226.300049,1226.300049,67.0
589,2018-07-19,1227.199951,1228.0,1211.699951,1222.400024,1222.400024,33.0
590,2018-07-20,1229.5,1229.5,1229.5,1229.5,1229.5,0.0
591,2018-07-23,1222.0,1224.0,1222.0,1224.0,1224.0,1.0
592,2018-07-24,1223.900024,1223.900024,1223.900024,1223.900024,1223.900024,0.0
593,2018-07-25,1231.400024,1231.400024,1231.400024,1231.400024,1231.400024,0.0
594,2018-07-26,1227.800049,1227.800049,1225.300049,1225.300049,1225.300049,1.0
595,2018-07-27,1222.599976,1222.599976,1222.599976,1222.599976,1222.599976,254428.0
596,2018-07-30,1222.5,1223.900024,1218.099976,1221.300049,1221.300049,62239.0
597,2018-07-31,1220.400024,1228.099976,1213.0,1223.699951,1223.699951,2722.0
598,2018-08-01,1222.900024,1223.699951,1214.400024,1217.900024,1217.900024,1026.0
599,2018-08-02,1214.699951,1219.300049,1205.800049,1210.599976,1210.599976,411.0
600,2018-08-03,1206.5,1218.599976,1205.099976,1214.199951,1214.199951,784.0
601,2018-08-06,1214.400024,1214.400024,1206.599976,1208.599976,1208.599976,297.0
602,2018-08-07,1207.800049,1214.800049,1207.800049,1209.599976,1209.599976,715.0
603,2018-08-08,1212.0,1215.199951,1205.900024,1212.599976,1212.599976,209.0
604,2018-08-09,1214.5,1215.300049,1211.599976,1211.900024,1211.900024,44.0
605,2018-08-10,1212.5,1216.400024,1205.599976,1211.099976,1211.099976,75.0
606,2018-08-13,1207.0,1207.400024,1191.300049,1191.300049,1191.300049,78.0
607,2018-08-14,1193.099976,1197.5,1192.800049,1193.0,1193.0,92.0
608,2018-08-15,1187.800049,1188.099976,1174.599976,1177.5,1177.5,71.0
609,2018-08-16,1173.199951,1180.199951,1161.400024,1176.199951,1176.199951,123.0
610,2018-08-17,1174.699951,1181.199951,1174.699951,1176.5,1176.5,66.0
611,2018-08-20,1184.800049,1190.0,1184.400024,1186.800049,1186.800049,68.0
612,2018-08-21,1189.800049,1192.599976,1189.800049,1192.599976,1192.599976,22.0
613,2018-08-22,1194.699951,1196.300049,1194.699951,1196.300049,1196.300049,17.0
614,2018-08-23,1189.300049,1190.300049,1184.900024,1187.0,1187.0,95.0
615,2018-08-24,1185.300049,1208.0,1185.300049,1206.300049,1206.300049,12.0
616,2018-08-27,1210.300049,1211.400024,1205.199951,1209.0,1209.0,154.0
617,2018-08-28,1209.699951,1217.0,1202.300049,1207.400024,1207.400024,136.0
618,2018-08-29,1205.199951,1205.199951,1202.400024,1204.5,1204.5,817.0
619,2018-08-30,1205.400024,1205.599976,1196.0,1197.699951,1197.699951,493.0
620,2018-08-31,1207.099976,1208.199951,1199.099976,1200.300049,1200.300049,191.0
621,2018-09-04,1193.800049,1193.800049,1189.900024,1192.699951,1192.699951,26.0
622,2018-09-05,1192.5,1196.0,1192.5,1194.900024,1194.900024,21.0
623,2018-09-06,1202.0,1202.0,1197.900024,1197.900024,1197.900024,7.0
624,2018-09-07,1198.300049,1198.300049,1193.099976,1193.599976,1193.599976,29.0
625,2018-09-10,1193.0,1193.0,1193.0,1193.0,1193.0,11.0
626,2018-09-11,1190.400024,1196.300049,1190.400024,1195.400024,1195.400024,21.0
627,2018-09-12,1205.0,1205.0,1204.699951,1204.699951,1204.699951,37.0
628,2018-09-13,1203.400024,1203.400024,1200.0,1202.0,1202.0,22.0
629,2018-09-14,1195.0,1195.0,1195.0,1195.0,1195.0,1.0
630,2018-09-17,1199.699951,1199.699951,1199.699951,1199.699951,1199.699951,0.0
631,2018-09-18,1198.699951,1198.699951,1196.800049,1196.800049,1196.800049,2.0
632,2018-09-19,1202.199951,1202.199951,1202.199951,1202.199951,1202.199951,0.0
633,2018-09-20,1206.199951,1206.199951,1206.199951,1206.199951,1206.199951,0.0
634,2018-09-21,1196.199951,1196.199951,1196.199951,1196.199951,1196.199951,0.0
635,2018-09-24,1199.300049,1199.300049,1199.300049,1199.300049,1199.300049,0.0
636,2018-09-25,1202.099976,1202.800049,1200.0,1200.0,1200.0,21.0
637,2018-09-26,1194.0,1194.0,1194.0,1194.0,1194.0,17857.0
638,2018-09-27,1194.599976,1197.300049,1180.5,1182.300049,1182.300049,4947.0
639,2018-09-28,1181.699951,1191.900024,1180.0,1191.5,1191.5,404.0
640,2018-10-01,1191.599976,1191.599976,1185.800049,1187.099976,1187.099976,180.0
641,2018-10-02,1193.0,1206.0,1190.300049,1202.400024,1202.400024,451.0
642,2018-10-03,1202.599976,1202.599976,1196.599976,1198.300049,1198.300049,76.0
643,2018-10-04,1199.300049,1204.599976,1197.199951,1197.199951,1197.199951,496.0
644,2018-10-05,1197.099976,1205.300049,1196.900024,1201.199951,1201.199951,34.0
645,2018-10-08,1201.0,1201.0,1183.699951,1184.400024,1184.400024,250.0
646,2018-10-09,1185.599976,1189.099976,1185.599976,1187.199951,1187.199951,9.0
647,2018-10-10,1189.300049,1192.0,1189.300049,1189.300049,1189.300049,1078.0
648,2018-10-11,1198.099976,1224.599976,1196.300049,1223.5,1223.5,126.0
649,2018-10-12,1221.599976,1221.599976,1216.0,1218.099976,1218.099976,122.0
650,2018-10-15,1222.400024,1232.300049,1222.400024,1226.400024,1226.400024,136.0
651,2018-10-16,1227.099976,1230.5,1227.099976,1227.300049,1227.300049,426.0
652,2018-10-17,1225.900024,1225.900024,1223.699951,1223.699951,1223.699951,1.0
653,2018-10-18,1226.5,1226.5,1226.5,1226.5,1226.5,165.0
654,2018-10-19,1225.300049,1225.300049,1225.300049,1225.300049,1225.300049,55.0
655,2018-10-22,1224.5,1224.5,1219.599976,1221.199951,1221.199951,18.0
656,2018-10-23,1224.800049,1237.800049,1224.800049,1233.400024,1233.400024,33.0
657,2018-10-24,1231.599976,1231.599976,1227.800049,1227.800049,1227.800049,36.0
658,2018-10-25,1238.599976,1238.599976,1229.099976,1229.099976,1229.099976,7.0
659,2018-10-26,1234.300049,1234.800049,1232.5,1232.5,1232.5,20.0
660,2018-10-29,1224.5,1224.5,1224.5,1224.5,1224.5,214.0
661,2018-10-30,1227.699951,1227.699951,1219.800049,1222.599976,1222.599976,72.0
662,2018-10-31,1216.0,1216.599976,1212.0,1212.300049,1212.300049,121.0
663,2018-11-01,1215.400024,1236.0,1215.400024,1236.0,1236.0,14.0
664,2018-11-02,1233.300049,1233.300049,1230.900024,1230.900024,1230.900024,18.0
665,2018-11-05,1230.599976,1231.5,1226.699951,1229.800049,1229.800049,15.0
666,2018-11-06,1230.699951,1233.800049,1223.800049,1223.800049,1223.800049,4.0
667,2018-11-07,1228.599976,1228.599976,1226.199951,1226.199951,1226.199951,1.0
668,2018-11-08,1222.900024,1222.900024,1222.900024,1222.900024,1222.900024,2.0
669,2018-11-09,1207.900024,1207.900024,1206.400024,1206.400024,1206.400024,14.0
670,2018-11-12,1201.599976,1201.599976,1201.300049,1201.300049,1201.300049,1.0
671,2018-11-13,1196.300049,1201.300049,1196.300049,1199.199951,1199.199951,5.0
672,2018-11-14,1207.900024,1207.900024,1207.900024,1207.900024,1207.900024,0.0
673,2018-11-15,1212.800049,1212.800049,1212.800049,1212.800049,1212.800049,0.0
674,2018-11-16,1216.699951,1223.800049,1216.699951,1220.800049,1220.800049,5.0
675,2018-11-19,1223.099976,1223.099976,1223.099976,1223.099976,1223.099976,0.0
676,2018-11-20,1225.300049,1228.800049,1219.0,1219.0,1219.0,12.0
677,2018-11-21,1225.800049,1225.800049,1225.800049,1225.800049,1225.800049,0.0
679,2018-11-26,1220.199951,1222.0,1220.199951,1220.199951,1220.199951,2.0
680,2018-11-27,1221.900024,1222.0,1211.199951,1211.199951,1211.199951,5.0
681,2018-11-28,1211.5,1221.400024,1211.5,1221.400024,1221.400024,247168.0
682,2018-11-29,1221.0,1228.699951,1220.5,1224.099976,1224.099976,55478.0
683,2018-11-30,1224.099976,1225.0,1216.099976,1220.199951,1220.199951,2060.0
684,2018-12-03,1222.5,1234.099976,1221.300049,1233.900024,1233.900024,751.0
685,2018-12-04,1231.0,1241.400024,1230.400024,1241.099976,1241.099976,474.0
686,2018-12-06,1237.5,1244.400024,1234.800049,1238.099976,1238.099976,434.0
687,2018-12-07,1238.300049,1249.800049,1237.599976,1246.800049,1246.800049,211.0
688,2018-12-10,1249.599976,1249.599976,1241.699951,1243.699951,1243.699951,131.0
689,2018-12-11,1245.800049,1248.699951,1241.5,1241.900024,1241.900024,117.0
690,2018-12-12,1245.300049,1245.599976,1244.099976,1244.400024,1244.400024,84.0
691,2018-12-13,1243.5,1243.5,1241.0,1242.699951,1242.699951,194.0
692,2018-12-14,1241.699951,1241.699951,1234.099976,1237.0,1237.0,33.0
693,2018-12-17,1239.300049,1247.400024,1239.300049,1247.400024,1247.400024,10.0
694,2018-12-18,1248.199951,1249.199951,1245.599976,1249.199951,1249.199951,31.0
695,2018-12-19,1255.800049,1255.800049,1252.099976,1252.099976,1252.099976,268.0
696,2018-12-20,1243.199951,1263.599976,1243.199951,1263.599976,1263.599976,49.0
697,2018-12-21,1260.300049,1261.300049,1253.800049,1253.800049,1253.800049,96.0
699,2018-12-26,1269.300049,1277.400024,1269.199951,1269.199951,1269.199951,63.0
700,2018-12-27,1276.699951,1277.300049,1276.699951,1277.300049,1277.300049,480.0
701,2018-12-28,1273.5,1280.099976,1273.5,1279.900024,1279.900024,805.0
702,2018-12-31,1278.0,1281.300049,1277.599976,1278.300049,1278.300049,19.0
703,2019-01-02,1286.0,1286.0,1277.599976,1281.0,1281.0,149.0
704,2019-01-03,1286.800049,1292.0,1286.699951,1291.800049,1291.800049,10.0
705,2019-01-04,1294.199951,1294.199951,1275.300049,1282.699951,1282.699951,34.0
706,2019-01-07,1286.800049,1286.800049,1286.599976,1286.800049,1286.800049,2.0
707,2019-01-08,1280.5,1283.199951,1278.199951,1283.199951,1283.199951,54.0
708,2019-01-09,1279.400024,1289.300049,1279.199951,1289.300049,1289.300049,102.0
709,2019-01-10,1284.699951,1284.699951,1284.699951,1284.699951,1284.699951,0.0
710,2019-01-11,1291.199951,1291.199951,1286.300049,1287.099976,1287.099976,11.0
711,2019-01-14,1292.400024,1293.900024,1289.099976,1289.099976,1289.099976,7.0
712,2019-01-15,1290.099976,1292.699951,1286.199951,1286.199951,1286.199951,3.0
713,2019-01-16,1291.599976,1291.599976,1291.599976,1291.599976,1291.599976,2.0
714,2019-01-17,1291.599976,1292.699951,1288.5,1291.0,1291.0,10.0
715,2019-01-18,1281.300049,1281.300049,1281.300049,1281.300049,1281.300049,3.0
716,2019-01-22,1282.5,1283.300049,1282.5,1282.5,1282.5,7.0
717,2019-01-23,1281.699951,1283.900024,1278.699951,1283.099976,1283.099976,14.0
718,2019-01-24,1279.099976,1279.099976,1278.5,1279.099976,1279.099976,1.0
719,2019-01-25,1297.400024,1297.400024,1297.400024,1297.400024,1297.400024,0.0
720,2019-01-28,1300.800049,1307.099976,1298.400024,1302.400024,1302.400024,54.0
721,2019-01-29,1308.199951,1308.199951,1308.199951,1308.199951,1308.199951,213607.0
722,2019-01-30,1310.400024,1323.400024,1308.099976,1309.900024,1309.900024,54958.0
723,2019-01-31,1320.0,1325.400024,1316.699951,1319.699951,1319.699951,1970.0
724,2019-02-01,1320.300049,1320.699951,1315.400024,1316.900024,1316.900024,878.0
725,2019-02-04,1318.099976,1318.099976,1308.300049,1314.300049,1314.300049,675.0
726,2019-02-05,1311.099976,1315.099976,1311.0,1314.199951,1314.199951,362.0
727,2019-02-06,1312.5,1313.5,1305.0,1309.5,1309.5,358.0
728,2019-02-07,1302.900024,1310.400024,1302.199951,1309.400024,1309.400024,203.0
729,2019-02-08,1309.5,1314.0,1307.800049,1313.699951,1313.699951,122.0
730,2019-02-11,1313.400024,1313.400024,1304.699951,1307.0,1307.0,119.0
731,2019-02-12,1310.0,1312.0,1307.599976,1309.199951,1309.199951,109.0
732,2019-02-13,1311.599976,1316.0,1308.099976,1310.800049,1310.800049,143.0
733,2019-02-14,1305.0,1311.800049,1301.599976,1309.800049,1309.800049,858.0
734,2019-02-15,1313.599976,1318.800049,1313.599976,1318.099976,1318.099976,190.0
735,2019-02-19,1320.900024,1340.099976,1320.5,1340.099976,1340.099976,390.0
736,2019-02-20,1342.199951,1344.0,1338.0,1343.300049,1343.300049,581.0
737,2019-02-21,1331.300049,1334.900024,1320.900024,1323.5,1323.5,414.0
738,2019-02-22,1324.199951,1331.300049,1321.0,1329.199951,1329.199951,718.0
739,2019-02-25,1329.199951,1331.599976,1325.599976,1325.900024,1325.900024,185.0
740,2019-02-26,1323.300049,1325.5,1323.300049,1325.099976,1325.099976,939.0
741,2019-02-27,1327.699951,1327.900024,1316.5,1317.699951,1317.699951,604.0
742,2019-02-28,1321.099976,1323.699951,1311.5,1312.800049,1312.800049,141.0
743,2019-03-01,1312.199951,1312.199951,1288.900024,1296.400024,1296.400024,110.0
744,2019-03-04,1285.5,1287.0,1281.900024,1284.800049,1284.800049,28.0
745,2019-03-05,1287.0,1287.0,1282.0,1282.0,1282.0,114.0
746,2019-03-06,1287.099976,1287.099976,1282.599976,1284.900024,1284.900024,14.0
747,2019-03-07,1281.0,1284.599976,1281.0,1283.800049,1283.800049,11.0
748,2019-03-08,1292.099976,1297.400024,1291.599976,1297.0,1297.0,10.0
749,2019-03-11,1291.0,1291.0,1288.800049,1288.800049,1288.800049,9.0
750,2019-03-12,1294.699951,1296.300049,1294.699951,1296.300049,1296.300049,1.0
751,2019-03-13,1307.5,1307.5,1307.5,1307.5,1307.5,0.0
752,2019-03-14,1293.400024,1293.400024,1293.400024,1293.400024,1293.400024,1.0
753,2019-03-15,1300.900024,1304.699951,1300.5,1301.800049,1301.800049,26.0
754,2019-03-18,1297.300049,1302.199951,1297.300049,1300.300049,1300.300049,8.0
755,2019-03-19,1306.900024,1306.900024,1304.800049,1305.0,1305.0,20.0
756,2019-03-20,1300.699951,1300.699951,1300.5,1300.5,1300.5,2.0
757,2019-03-21,1306.099976,1306.099976,1306.099976,1306.099976,1306.099976,0.0
758,2019-03-22,1311.599976,1311.599976,1311.599976,1311.599976,1311.599976,0.0
759,2019-03-25,1320.699951,1322.900024,1320.699951,1321.900024,1321.900024,19.0
760,2019-03-26,1315.599976,1315.599976,1314.300049,1314.300049,1314.300049,1.0
761,2019-03-27,1309.900024,1309.900024,1309.900024,1309.900024,1309.900024,206263.0
762,2019-03-28,1308.400024,1311.099976,1287.699951,1289.800049,1289.800049,87798.0
763,2019-03-29,1289.599976,1298.5,1286.099976,1293.0,1293.0,1265.0
764,2019-04-01,1291.800049,1295.900024,1285.699951,1288.400024,1288.400024,675.0
765,2019-04-02,1286.300049,1290.900024,1284.5,1290.0,1290.0,525.0
766,2019-04-03,1291.400024,1293.099976,1287.5,1289.900024,1289.900024,172.0
767,2019-04-04,1290.599976,1292.599976,1279.5,1289.0,1289.0,269.0
768,2019-04-05,1292.0,1292.0,1283.599976,1290.400024,1290.400024,181.0
769,2019-04-08,1292.199951,1302.099976,1291.800049,1297.099976,1297.099976,63.0
770,2019-04-09,1298.5,1304.900024,1298.5,1303.5,1303.5,30.0
771,2019-04-10,1304.0,1309.099976,1301.5,1309.099976,1309.099976,66.0
772,2019-04-11,1307.0,1307.099976,1288.599976,1288.599976,1288.599976,420.0
773,2019-04-12,1293.400024,1293.400024,1289.199951,1290.599976,1290.599976,607.0
774,2019-04-15,1284.800049,1287.300049,1282.300049,1286.800049,1286.800049,523.0
775,2019-04-16,1285.199951,1285.199951,1272.199951,1272.599976,1272.599976,643.0
776,2019-04-17,1273.5,1273.5,1271.599976,1272.199951,1272.199951,308.0
777,2019-04-18,1270.800049,1273.599976,1270.099976,1271.900024,1271.900024,27.0
778,2019-04-22,1273.5,1273.5,1273.5,1273.5,1273.5,147.0
779,2019-04-23,1266.400024,1269.800049,1266.0,1269.300049,1269.300049,206.0
780,2019-04-24,1268.400024,1275.5,1267.800049,1275.5,1275.5,518.0
781,2019-04-25,1280.599976,1280.800049,1275.800049,1275.800049,1275.800049,95.0
782,2019-04-26,1284.900024,1284.900024,1284.900024,1284.900024,1284.900024,804.0
783,2019-04-29,1284.800049,1284.900024,1277.099976,1278.599976,1278.599976,568.0
784,2019-04-30,1281.699951,1283.300049,1280.800049,1282.800049,1282.800049,114.0
785,2019-05-01,1278.699951,1283.300049,1278.699951,1281.400024,1281.400024,70.0
786,2019-05-02,1269.199951,1270.800049,1266.599976,1269.699951,1269.699951,63.0
787,2019-05-03,1270.099976,1279.199951,1270.099976,1279.199951,1279.199951,15.0
788,2019-05-06,1282.199951,1282.199951,1280.300049,1281.699951,1281.699951,12.0
789,2019-05-07,1280.5,1283.5,1280.5,1283.5,1283.5,8.0
790,2019-05-08,1279.400024,1279.400024,1279.400024,1279.400024,1279.400024,5.0
791,2019-05-09,1278.900024,1285.0,1278.800049,1283.5,1283.5,38.0
792,2019-05-10,1285.400024,1286.5,1283.300049,1285.699951,1285.699951,6.0
793,2019-05-13,1286.699951,1300.099976,1281.800049,1300.099976,1300.099976,56.0
794,2019-05-14,1297.800049,1297.800049,1294.699951,1294.699951,1294.699951,6.0
795,2019-05-15,1296.900024,1296.900024,1296.0,1296.300049,1296.300049,55.0
796,2019-05-16,1285.199951,1285.400024,1285.0,1285.0,1285.0,3.0
797,2019-05-17,1280.0,1280.0,1274.5,1274.5,1274.5,1.0
798,2019-05-20,1276.099976,1276.099976,1276.099976,1276.099976,1276.099976,20.0
799,2019-05-21,1272.0,1272.0,1272.0,1272.0,1272.0,0.0
800,2019-05-22,1273.599976,1273.599976,1273.599976,1273.599976,1273.599976,0.0
801,2019-05-23,1284.800049,1284.800049,1284.800049,1284.800049,1284.800049,0.0
802,2019-05-24,1283.0,1283.0,1283.0,1283.0,1283.0,9.0
803,2019-05-28,1276.5,1276.5,1276.5,1276.5,1276.5,0.0
804,2019-05-29,1280.599976,1280.599976,1280.599976,1280.599976,1280.599976,189694.0
805,2019-05-30,1279.400024,1288.300049,1273.900024,1287.099976,1287.099976,55573.0
806,2019-05-31,1287.699951,1306.400024,1287.5,1305.800049,1305.800049,2814.0
807,2019-06-03,1307.0,1327.800049,1307.0,1322.699951,1322.699951,812.0
808,2019-06-04,1324.300049,1328.599976,1320.800049,1323.400024,1323.400024,302.0
809,2019-06-05,1328.900024,1343.300049,1326.300049,1328.300049,1328.300049,622.0
810,2019-06-06,1330.800049,1338.699951,1326.199951,1337.599976,1337.599976,161.0
811,2019-06-07,1333.099976,1347.699951,1329.800049,1341.199951,1341.199951,240.0
812,2019-06-10,1335.800049,1336.5,1324.099976,1324.699951,1324.699951,268.0
813,2019-06-11,1328.400024,1328.400024,1319.099976,1326.400024,1326.400024,201.0
814,2019-06-12,1326.900024,1334.5,1326.900024,1331.900024,1331.900024,139.0
815,2019-06-13,1331.599976,1341.099976,1331.599976,1339.199951,1339.199951,157.0
816,2019-06-14,1345.400024,1355.400024,1339.300049,1340.099976,1340.099976,914.0
817,2019-06-17,1339.0,1340.300049,1335.0,1338.699951,1338.699951,76.0
818,2019-06-18,1349.300049,1349.300049,1341.599976,1346.599976,1346.599976,29.0
819,2019-06-19,1344.0,1344.599976,1344.0,1344.599976,1344.599976,129.0
820,2019-06-20,1381.5,1392.900024,1379.5,1392.900024,1392.900024,76.0
821,2019-06-21,1406.0,1406.0,1390.300049,1396.199951,1396.199951,35.0
822,2019-06-24,1406.0,1420.599976,1402.099976,1414.300049,1414.300049,125.0
823,2019-06-25,1418.099976,1433.300049,1414.900024,1414.900024,1414.900024,105.0
824,2019-06-26,1407.199951,1413.300049,1405.800049,1411.599976,1411.599976,1333.0
825,2019-06-27,1407.0,1410.800049,1399.800049,1408.400024,1408.400024,437.0
826,2019-06-28,1408.300049,1422.0,1408.300049,1409.699951,1409.699951,356.0
827,2019-07-01,1386.599976,1395.800049,1382.800049,1385.599976,1385.599976,214.0
828,2019-07-02,1391.099976,1418.400024,1390.800049,1404.599976,1404.599976,38.0
830,2019-07-05,1418.300049,1418.300049,1390.199951,1396.699951,1396.699951,20.0
831,2019-07-08,1395.900024,1397.0,1393.599976,1397.0,1397.0,14.0
832,2019-07-09,1394.5,1397.5,1386.199951,1397.5,1397.5,53.0
833,2019-07-10,1409.900024,1410.099976,1409.900024,1410.099976,1410.099976,50.0
834,2019-07-11,1424.0,1424.0,1404.300049,1404.300049,1404.300049,6.0
835,2019-07-12,1405.599976,1410.099976,1405.599976,1409.900024,1409.900024,8.0
836,2019-07-15,1414.400024,1415.0,1411.400024,1411.400024,1411.400024,25.0
837,2019-07-16,1413.599976,1413.699951,1405.0,1409.199951,1409.199951,13.0
838,2019-07-17,1404.599976,1421.300049,1404.599976,1421.300049,1421.300049,6.0
839,2019-07-18,1422.300049,1444.199951,1419.5,1426.099976,1426.099976,66.0
840,2019-07-19,1440.5,1442.0,1425.099976,1425.099976,1425.099976,22.0
841,2019-07-22,1425.300049,1425.300049,1424.0,1425.300049,1425.300049,1.0
842,2019-07-23,1418.599976,1421.300049,1416.300049,1420.099976,1420.099976,5.0
843,2019-07-24,1422.800049,1422.800049,1422.800049,1422.800049,1422.800049,20.0
844,2019-07-25,1413.900024,1413.900024,1413.900024,1413.900024,1413.900024,4.0
845,2019-07-26,1422.800049,1423.0,1418.5,1418.5,1418.5,5.0
846,2019-07-29,1419.599976,1419.599976,1419.599976,1419.599976,1419.599976,224267.0
847,2019-07-30,1426.300049,1433.900024,1422.099976,1429.699951,1429.699951,73874.0
848,2019-07-31,1431.300049,1435.800049,1411.199951,1426.099976,1426.099976,3294.0
849,2019-08-01,1411.300049,1445.199951,1400.900024,1420.900024,1420.900024,2431.0
850,2019-08-02,1448.0,1448.0,1432.300049,1445.599976,1445.599976,1873.0
851,2019-08-05,1440.400024,1469.699951,1440.400024,1464.599976,1464.599976,1008.0
852,2019-08-06,1469.699951,1475.0,1457.699951,1472.400024,1472.400024,460.0
853,2019-08-07,1473.5,1509.900024,1473.199951,1507.300049,1507.300049,824.0
854,2019-08-08,1498.400024,1508.5,1492.0,1497.699951,1497.699951,367.0
855,2019-08-09,1506.199951,1507.5,1495.599976,1496.599976,1496.599976,74.0
856,2019-08-12,1496.0,1514.900024,1488.099976,1505.300049,1505.300049,257.0
857,2019-08-13,1510.400024,1531.400024,1483.699951,1502.199951,1502.199951,672.0
858,2019-08-14,1500.0,1520.5,1497.0,1515.900024,1515.900024,328.0
859,2019-08-15,1519.800049,1522.699951,1510.599976,1519.599976,1519.599976,87.0
860,2019-08-16,1524.599976,1524.599976,1504.699951,1512.5,1512.5,1815.0
861,2019-08-19,1507.199951,1507.599976,1492.900024,1500.400024,1500.400024,205.0
862,2019-08-20,1497.5,1506.099976,1497.5,1504.599976,1504.599976,486.0
863,2019-08-21,1504.900024,1505.0,1498.800049,1504.599976,1504.599976,350.0
864,2019-08-22,1495.099976,1497.300049,1493.800049,1497.300049,1497.300049,686.0
865,2019-08-23,1493.5,1527.599976,1493.5,1526.599976,1526.599976,983.0
866,2019-08-26,1543.199951,1543.300049,1524.300049,1526.300049,1526.300049,334.0
867,2019-08-27,1530.5,1542.099976,1528.5,1541.0,1541.0,166.0
868,2019-08-28,1538.099976,1538.099976,1537.800049,1537.800049,1537.800049,2756.0
869,2019-08-29,1537.5,1549.300049,1519.599976,1526.5,1526.5,704.0
870,2019-08-30,1524.599976,1530.400024,1516.699951,1519.099976,1519.099976,276.0
871,2019-09-03,1522.900024,1547.300049,1521.0,1545.900024,1545.900024,139.0
872,2019-09-04,1549.0,1553.199951,1534.800049,1550.300049,1550.300049,46.0
873,2019-09-05,1551.0,1551.099976,1511.099976,1515.400024,1515.400024,125.0
874,2019-09-06,1517.300049,1526.0,1504.5,1506.199951,1506.199951,54.0
875,2019-09-09,1509.0,1513.0,1498.0,1502.199951,1502.199951,69.0
876,2019-09-10,1498.5,1498.5,1486.900024,1490.300049,1490.300049,23.0
877,2019-09-11,1491.699951,1496.599976,1490.199951,1494.400024,1494.400024,8.0
878,2019-09-12,1499.5,1515.400024,1498.699951,1498.699951,1498.699951,27.0
879,2019-09-13,1490.900024,1490.900024,1486.900024,1490.900024,1490.900024,1.0
880,2019-09-16,1506.599976,1506.800049,1496.900024,1503.099976,1503.099976,21.0
881,2019-09-17,1497.900024,1505.099976,1497.900024,1505.099976,1505.099976,3.0
882,2019-09-18,1508.900024,1509.400024,1489.300049,1507.5,1507.5,8.0
883,2019-09-19,1496.099976,1502.400024,1496.099976,1498.400024,1498.400024,10.0
884,2019-09-20,1503.0,1507.300049,1503.0,1507.300049,1507.300049,2.0
885,2019-09-23,1515.5,1523.699951,1515.5,1523.699951,1523.699951,5.0
886,2019-09-24,1515.099976,1533.0,1515.099976,1532.099976,1532.099976,25.0
887,2019-09-25,1527.599976,1527.900024,1504.599976,1504.599976,1504.599976,25.0
888,2019-09-26,1507.5,1507.5,1507.5,1507.5,1507.5,8178.0
889,2019-09-27,1504.199951,1506.099976,1485.599976,1499.099976,1499.099976,7827.0
890,2019-09-30,1495.900024,1495.900024,1463.5,1465.699951,1465.699951,1078.0
891,2019-10-01,1468.699951,1485.5,1458.300049,1482.0,1482.0,219.0
892,2019-10-02,1476.599976,1503.699951,1474.099976,1501.0,1501.0,205.0
893,2019-10-03,1497.400024,1518.199951,1496.599976,1507.099976,1507.099976,1213.0
894,2019-10-04,1505.599976,1508.699951,1497.099976,1506.199951,1506.199951,233.0
895,2019-10-07,1504.800049,1505.800049,1489.099976,1497.699951,1497.699951,121.0
896,2019-10-08,1489.400024,1506.300049,1489.300049,1497.199951,1497.199951,46.0
897,2019-10-09,1507.699951,1507.699951,1498.400024,1506.099976,1506.099976,120.0
898,2019-10-10,1511.199951,1511.199951,1490.599976,1494.800049,1494.800049,78.0
899,2019-10-11,1491.900024,1494.900024,1476.900024,1482.699951,1482.699951,57.0
900,2019-10-14,1484.400024,1493.5,1481.300049,1491.699951,1491.699951,400.0
901,2019-10-15,1488.900024,1495.400024,1476.599976,1477.599976,1477.599976,367.0
902,2019-10-16,1482.0,1488.0,1480.0,1488.0,1488.0,383.0
903,2019-10-17,1486.199951,1493.199951,1485.800049,1492.300049,1492.300049,271.0
904,2019-10-18,1487.300049,1489.099976,1486.599976,1488.199951,1488.199951,82.0
905,2019-10-21,1489.900024,1489.900024,1481.5,1482.400024,1482.400024,72.0
906,2019-10-22,1483.400024,1483.5,1481.699951,1481.699951,1481.699951,99.0
907,2019-10-23,1486.400024,1490.300049,1486.400024,1489.900024,1489.900024,67.0
908,2019-10-24,1490.5,1501.199951,1485.900024,1498.900024,1498.900024,115.0
909,2019-10-25,1501.400024,1514.300049,1499.0,1499.5,1499.5,93.0
910,2019-10-28,1504.099976,1504.099976,1490.0,1490.0,1490.0,37.0
911,2019-10-29,1485.900024,1487.0,1485.900024,1487.0,1487.0,425.0
912,2019-10-30,1487.199951,1495.400024,1481.0,1493.199951,1493.199951,320.0
913,2019-10-31,1496.099976,1513.099976,1496.099976,1511.400024,1511.400024,210.0
914,2019-11-01,1511.0,1511.599976,1503.0,1508.0,1508.0,235.0
915,2019-11-04,1511.599976,1511.599976,1508.0,1508.0,1508.0,101.0
916,2019-11-05,1507.099976,1507.099976,1480.800049,1480.800049,1480.800049,31.0
917,2019-11-06,1483.199951,1491.0,1483.199951,1490.199951,1490.199951,567.0
918,2019-11-07,1489.099976,1489.099976,1464.199951,1464.199951,1464.199951,581.0
919,2019-11-08,1469.099976,1469.099976,1461.300049,1461.300049,1461.300049,21.0
920,2019-11-11,1461.0,1461.0,1449.300049,1455.5,1455.5,22.0
921,2019-11-12,1454.900024,1454.900024,1447.099976,1452.099976,1452.099976,6.0
922,2019-11-13,1456.800049,1463.300049,1456.800049,1461.699951,1461.699951,56.0
923,2019-11-14,1463.800049,1471.800049,1463.699951,1471.800049,1471.800049,83.0
924,2019-11-15,1469.099976,1469.099976,1467.300049,1467.300049,1467.300049,13.0
925,2019-11-18,1472.0,1472.0,1469.699951,1470.900024,1470.900024,141.0
926,2019-11-19,1467.699951,1474.300049,1467.699951,1473.300049,1473.300049,18.0
927,2019-11-20,1472.599976,1474.5,1467.300049,1473.300049,1473.300049,31.0
928,2019-11-21,1463.099976,1463.099976,1463.099976,1463.099976,1463.099976,16.0
929,2019-11-22,1468.599976,1468.599976,1463.099976,1463.099976,1463.099976,19.0
930,2019-11-25,1457.099976,1457.099976,1455.5,1456.599976,1456.599976,14.0
931,2019-11-26,1459.800049,1459.800049,1459.800049,1459.800049,1459.800049,346362.0
932,2019-11-27,1461.099976,1461.900024,1452.0,1453.400024,1453.400024,88364.0
934,2019-12-02,1462.800049,1464.400024,1453.300049,1462.300049,1462.300049,2172.0
935,2019-12-03,1461.599976,1480.400024,1459.5,1478.199951,1478.199951,1460.0
936,2019-12-04,1477.5,1483.400024,1471.199951,1474.0,1474.0,613.0
937,2019-12-05,1474.699951,1478.0,1472.300049,1476.900024,1476.900024,907.0
938,2019-12-06,1475.0,1476.0,1458.199951,1459.099976,1459.099976,899.0
939,2019-12-09,1458.800049,1464.199951,1458.599976,1459.300049,1459.300049,1461.0
940,2019-12-10,1460.699951,1467.199951,1460.699951,1462.599976,1462.599976,367.0
941,2019-12-11,1463.099976,1475.400024,1463.099976,1469.400024,1469.400024,393.0
942,2019-12-12,1475.099976,1483.900024,1463.699951,1466.699951,1466.699951,955.0
943,2019-12-13,1463.099976,1475.900024,1463.099976,1475.599976,1475.599976,468.0
944,2019-12-16,1473.800049,1475.300049,1473.800049,1475.0,1475.0,99.0
945,2019-12-17,1474.099976,1476.900024,1474.0,1474.599976,1474.599976,410.0
946,2019-12-18,1472.599976,1472.599976,1472.599976,1472.599976,1472.599976,250.0
947,2019-12-19,1475.900024,1478.900024,1473.300049,1478.199951,1478.199951,319.0
948,2019-12-20,1476.699951,1478.099976,1474.699951,1474.699951,1474.699951,118.0
949,2019-12-23,1482.300049,1482.5,1479.900024,1482.5,1482.5,391.0
951,2019-12-26,1505.199951,1512.300049,1505.0,1509.300049,1509.300049,126.0
952,2019-12-27,1513.800049,1513.800049,1513.800049,1513.800049,1513.800049,839.0
953,2019-12-30,1512.599976,1515.099976,1510.0,1514.5,1514.5,446.0
954,2019-12-31,1513.800049,1523.400024,1513.800049,1519.5,1519.5,301.0
955,2020-01-02,1518.099976,1528.699951,1518.0,1524.5,1524.5,214.0
956,2020-01-03,1530.099976,1552.699951,1530.099976,1549.199951,1549.199951,107.0
957,2020-01-06,1580.0,1580.0,1560.400024,1566.199951,1566.199951,416.0
958,2020-01-07,1558.300049,1576.300049,1558.300049,1571.800049,1571.800049,47.0
959,2020-01-08,1579.699951,1604.199951,1552.300049,1557.400024,1557.400024,236.0
960,2020-01-09,1555.699951,1555.699951,1543.300049,1551.699951,1551.699951,54.0
961,2020-01-10,1551.199951,1558.800049,1545.400024,1557.5,1557.5,16.0
962,2020-01-13,1557.400024,1558.0,1548.400024,1548.400024,1548.400024,48.0
963,2020-01-14,1546.699951,1546.699951,1534.900024,1542.400024,1542.400024,32.0
964,2020-01-15,1548.0,1553.900024,1545.599976,1552.099976,1552.099976,11.0
965,2020-01-16,1555.699951,1556.099976,1548.5,1549.0,1549.0,98.0
966,2020-01-17,1554.099976,1558.800049,1553.599976,1558.800049,1558.800049,108.0
967,2020-01-21,1559.300049,1566.199951,1551.0,1556.400024,1556.400024,45.0
968,2020-01-22,1549.800049,1557.099976,1549.800049,1555.300049,1555.300049,42.0
969,2020-01-23,1553.099976,1564.599976,1552.199951,1564.599976,1564.599976,15.0
970,2020-01-24,1556.300049,1571.099976,1556.300049,1571.099976,1571.099976,43.0
971,2020-01-27,1584.300049,1584.5,1576.800049,1576.800049,1576.800049,22.0
972,2020-01-28,1576.400024,1576.400024,1569.199951,1569.199951,1569.199951,3.0
973,2020-01-29,1569.800049,1569.800049,1569.800049,1569.800049,1569.800049,251274.0
974,2020-01-30,1576.800049,1585.0,1571.400024,1583.5,1583.5,62336.0
975,2020-01-31,1573.400024,1589.0,1570.0,1582.900024,1582.900024,1095.0
976,2020-02-03,1592.900024,1593.300049,1568.199951,1577.199951,1577.199951,1062.0
977,2020-02-04,1577.699951,1577.699951,1547.800049,1550.400024,1550.400024,978.0
978,2020-02-05,1553.199951,1560.699951,1547.699951,1557.800049,1557.800049,1305.0
979,2020-02-06,1553.599976,1565.599976,1551.599976,1565.099976,1565.099976,110.0
980,2020-02-07,1564.900024,1571.900024,1560.5,1568.599976,1568.599976,431.0
981,2020-02-10,1569.300049,1574.699951,1568.599976,1574.699951,1574.699951,128.0
982,2020-02-11,1570.900024,1571.099976,1561.900024,1565.599976,1565.599976,440.0
983,2020-02-12,1565.199951,1568.699951,1561.0,1567.400024,1567.400024,36.0
984,2020-02-13,1570.199951,1575.099976,1570.199951,1575.099976,1575.099976,74.0
985,2020-02-14,1575.800049,1582.699951,1574.800049,1582.699951,1582.699951,68.0
986,2020-02-18,1579.800049,1604.300049,1579.800049,1600.0,1600.0,310.0
987,2020-02-19,1600.599976,1610.5,1599.699951,1607.5,1607.5,542.0
988,2020-02-20,1606.5,1621.0,1603.0,1616.599976,1616.599976,117.0
989,2020-02-21,1619.300049,1645.0,1619.300049,1644.599976,1644.599976,186.0
990,2020-02-24,1657.0,1686.599976,1650.0,1672.400024,1672.400024,435.0
991,2020-02-25,1645.099976,1653.699951,1632.300049,1646.900024,1646.900024,409.0
992,2020-02-26,1644.0,1648.099976,1636.400024,1640.0,1640.0,1990.0
993,2020-02-27,1641.099976,1658.0,1638.5,1640.0,1640.0,707.0
994,2020-02-28,1640.300049,1642.5,1564.099976,1564.099976,1564.099976,289.0
995,2020-03-02,1583.900024,1608.300049,1574.300049,1592.300049,1592.300049,537.0
996,2020-03-03,1594.5,1645.300049,1594.0,1642.099976,1642.099976,610.0
997,2020-03-04,1645.400024,1645.900024,1631.300049,1641.099976,1641.099976,83.0
998,2020-03-05,1637.300049,1672.900024,1637.199951,1666.400024,1666.400024,154.0
999,2020-03-06,1670.800049,1686.199951,1647.199951,1670.800049,1670.800049,175.0
1000,2020-03-09,1696.099976,1701.599976,1657.699951,1674.5,1674.5,161.0
1001,2020-03-10,1671.599976,1674.599976,1643.0,1659.099976,1659.099976,48.0
1002,2020-03-11,1656.599976,1666.5,1635.0,1641.400024,1641.400024,47.0
1003,2020-03-12,1637.0,1647.5,1566.400024,1589.300049,1589.300049,256.0
1004,2020-03-13,1574.900024,1589.800049,1513.800049,1515.699951,1515.699951,89.0
1005,2020-03-16,1569.099976,1569.099976,1452.099976,1485.900024,1485.900024,193.0
1006,2020-03-17,1469.300049,1537.699951,1469.300049,1524.900024,1524.900024,122.0
1007,2020-03-18,1537.5,1542.0,1477.300049,1477.300049,1477.300049,333.0
1008,2020-03-19,1481.5,1491.599976,1471.0,1478.599976,1478.599976,262.0
1009,2020-03-20,1483.5,1484.0,1483.5,1484.0,1484.0,14.0
1010,2020-03-23,1505.300049,1567.0,1490.199951,1567.0,1567.0,51.0
1011,2020-03-24,1592.699951,1685.5,1592.699951,1660.199951,1660.199951,442.0
1012,2020-03-25,1676.5,1676.5,1631.099976,1632.300049,1632.300049,476.0
1013,2020-03-26,1660.5,1660.5,1650.099976,1650.099976,1650.099976,3.0
1014,2020-03-27,1623.900024,1623.900024,1623.900024,1623.900024,1623.900024,100638.0
1015,2020-03-30,1641.199951,1652.800049,1607.199951,1622.0,1622.0,16389.0
1016,2020-03-31,1618.699951,1621.0,1576.0,1583.400024,1583.400024,2874.0
1017,2020-04-01,1570.0,1600.0,1570.0,1578.199951,1578.199951,2158.0
1018,2020-04-02,1590.900024,1631.199951,1586.0,1625.699951,1625.699951,1294.0
1019,2020-04-03,1624.5,1636.0,1619.800049,1633.699951,1633.699951,643.0
1020,2020-04-06,1629.099976,1696.699951,1625.900024,1677.0,1677.0,1063.0
1021,2020-04-07,1695.699951,1724.400024,1658.0,1664.800049,1664.800049,1144.0
1022,2020-04-08,1669.699951,1677.0,1662.5,1665.400024,1665.400024,747.0
1023,2020-04-09,1662.699951,1736.199951,1662.699951,1736.199951,1736.199951,825.0
1024,2020-04-13,1722.0,1756.800049,1710.699951,1744.800049,1744.800049,696.0
1025,2020-04-14,1756.800049,1775.0,1739.5,1756.699951,1756.699951,675.0
1026,2020-04-15,1739.400024,1744.900024,1722.699951,1727.199951,1727.199951,642.0
1027,2020-04-16,1731.0,1750.599976,1715.0,1720.400024,1720.400024,162.0
1029,2020-04-20,1686.0,1701.599976,1680.0,1701.599976,1701.599976,106.0
1030,2020-04-21,1697.0,1707.099976,1659.900024,1678.199951,1678.199951,666.0
1031,2020-04-22,1696.0,1728.699951,1684.800049,1728.699951,1728.699951,453.0
1032,2020-04-23,1734.0,1745.099976,1733.300049,1733.300049,1733.300049,482.0
1033,2020-04-24,1744.0,1744.0,1714.5,1723.5,1723.5,221.0
1034,2020-04-27,1731.900024,1731.900024,1711.900024,1711.900024,1711.900024,169.0
1035,2020-04-28,1716.599976,1716.599976,1707.099976,1710.5,1710.5,1255.0
1036,2020-04-29,1710.0,1713.5,1702.0,1703.400024,1703.400024,373.0
1037,2020-04-30,1719.300049,1719.300049,1680.800049,1684.199951,1684.199951,327.0
1038,2020-05-01,1686.599976,1701.5,1670.5,1694.5,1694.5,337.0
1039,2020-05-04,1702.599976,1709.0,1699.599976,1706.900024,1706.900024,320.0
1040,2020-05-05,1701.5,1704.400024,1697.199951,1704.400024,1704.400024,82.0
1041,2020-05-06,1704.0,1704.0,1684.199951,1684.199951,1684.199951,469.0
1042,2020-05-07,1686.199951,1721.800049,1685.599976,1721.800049,1721.800049,853.0
1043,2020-05-08,1726.199951,1728.900024,1703.800049,1709.900024,1709.900024,330.0
1044,2020-05-11,1702.300049,1704.5,1690.199951,1695.300049,1695.300049,749.0
1045,2020-05-12,1699.300049,1713.099976,1699.300049,1704.400024,1704.400024,324.0
1046,2020-05-13,1702.0,1721.300049,1701.900024,1713.900024,1713.900024,431.0
1047,2020-05-14,1724.300049,1743.099976,1720.5,1738.099976,1738.099976,672.0
1048,2020-05-15,1739.699951,1753.400024,1739.699951,1753.400024,1753.400024,719.0
1049,2020-05-18,1755.699951,1770.5,1731.800049,1731.800049,1731.800049,229.0
1050,2020-05-19,1744.199951,1749.5,1744.199951,1744.199951,1744.199951,167.0
1051,2020-05-20,1751.599976,1752.099976,1745.599976,1750.599976,1750.599976,16.0
1052,2020-05-21,1746.800049,1746.800049,1720.5,1720.5,1720.5,528.0
1053,2020-05-22,1726.599976,1734.599976,1726.599976,1734.599976,1734.599976,6.0
1054,2020-05-26,1726.400024,1726.400024,1704.800049,1704.800049,1704.800049,39.0
1055,2020-05-27,1685.599976,1710.300049,1685.599976,1710.300049,1710.300049,137416.0
1056,2020-05-28,1709.300049,1727.800049,1705.0,1713.300049,1713.300049,23355.0
1057,2020-05-29,1718.800049,1738.300049,1715.099976,1736.900024,1736.900024,1526.0
1058,2020-06-01,1740.400024,1747.0,1727.099976,1737.800049,1737.800049,871.0
1059,2020-06-02,1743.0,1745.5,1721.800049,1725.199951,1725.199951,741.0
1060,2020-06-03,1726.300049,1726.300049,1684.5,1697.800049,1697.800049,2755.0
1061,2020-06-04,1694.5,1718.900024,1694.5,1718.900024,1718.900024,807.0
1062,2020-06-05,1711.800049,1711.800049,1668.599976,1676.199951,1676.199951,1502.0
1063,2020-06-08,1679.099976,1699.400024,1675.900024,1698.300049,1698.300049,587.0
1064,2020-06-09,1694.599976,1720.900024,1692.0,1714.699951,1714.699951,690.0
1065,2020-06-10,1716.099976,1740.800049,1711.900024,1713.300049,1713.300049,718.0
1066,2020-06-11,1737.199951,1744.099976,1720.0,1732.0,1732.0,347.0
1067,2020-06-12,1724.900024,1743.0,1724.900024,1729.300049,1729.300049,318.0
1068,2020-06-15,1730.0,1730.0,1703.300049,1720.300049,1720.300049,188.0
1069,2020-06-16,1726.300049,1729.599976,1722.400024,1729.599976,1729.599976,22.0
1070,2020-06-17,1714.699951,1729.199951,1714.699951,1729.199951,1729.199951,51.0
1071,2020-06-18,1730.5,1734.099976,1717.300049,1724.800049,1724.800049,110.0
1072,2020-06-19,1723.699951,1750.699951,1723.5,1745.900024,1745.900024,1329.0
1073,2020-06-22,1755.199951,1767.599976,1750.5,1756.699951,1756.699951,1356.0
1074,2020-06-23,1755.400024,1776.300049,1754.199951,1772.099976,1772.099976,666.0
1075,2020-06-24,1778.300049,1783.099976,1764.5,1765.800049,1765.800049,961.0
1076,2020-06-25,1761.699951,1764.800049,1759.800049,1762.099976,1762.099976,207.0
1077,2020-06-26,1766.0,1772.5,1764.699951,1772.5,1772.5,640.0
1078,2020-06-29,1779.800049,1780.199951,1774.300049,1774.800049,1774.800049,584.0
1079,2020-06-30,1777.300049,1793.199951,1774.400024,1793.0,1793.0,986.0
1080,2020-07-01,1793.599976,1798.0,1765.800049,1773.199951,1773.199951,331.0
1081,2020-07-02,1773.400024,1784.0,1768.699951,1784.0,1784.0,215.0
1082,2020-07-06,1788.199951,1790.099976,1788.199951,1788.5,1788.5,172.0
1083,2020-07-07,1789.300049,1804.199951,1783.300049,1804.199951,1804.199951,751.0
1084,2020-07-08,1801.5,1817.900024,1801.5,1815.5,1815.5,209.0
1085,2020-07-09,1816.099976,1819.800049,1799.199951,1799.199951,1799.199951,396.0
1086,2020-07-10,1805.5,1805.5,1797.699951,1798.199951,1798.199951,236.0
1087,2020-07-13,1805.0,1811.0,1805.0,1811.0,1811.0,164.0
1088,2020-07-14,1791.0,1811.5,1791.0,1810.599976,1810.599976,339.0
1089,2020-07-15,1806.099976,1813.5,1806.099976,1811.400024,1811.400024,167.0
1090,2020-07-16,1810.900024,1810.900024,1794.300049,1798.699951,1798.699951,146.0
1091,2020-07-17,1798.5,1810.099976,1798.5,1808.300049,1808.300049,24.0
1092,2020-07-20,1807.0,1817.300049,1807.0,1815.900024,1815.900024,89.0
1093,2020-07-21,1822.0,1842.400024,1822.0,1842.400024,1842.400024,117.0
1094,2020-07-22,1858.099976,1867.0,1854.699951,1864.099976,1864.099976,213.0
1095,2020-07-23,1868.699951,1890.300049,1868.5,1889.099976,1889.099976,133.0
1096,2020-07-24,1884.300049,1897.300049,1884.300049,1897.300049,1897.300049,474.0
1097,2020-07-27,1901.699951,1938.0,1901.5,1931.0,1931.0,364.0
1098,2020-07-28,1931.5,1944.699951,1928.599976,1944.699951,1944.699951,825.0
1099,2020-07-29,1953.199951,1953.5,1952.599976,1953.5,1953.5,209835.0
1100,2020-07-30,1963.400024,1965.099976,1930.0,1942.300049,1942.300049,28853.0
1101,2020-07-31,1948.599976,1981.099976,1948.0,1962.800049,1962.800049,2914.0
1102,2020-08-03,1984.300049,1984.300049,1955.5,1966.0,1966.0,683.0
1103,2020-08-04,1971.0,2016.199951,1968.800049,2001.199951,2001.199951,2010.0
1104,2020-08-05,2024.0,2050.199951,2011.0,2031.099976,2031.099976,1422.0
1105,2020-08-06,2045.5,2063.0,2040.0,2051.5,2051.5,294.0
1106,2020-08-07,2040.099976,2055.0,2009.599976,2010.099976,2010.099976,808.0
1107,2020-08-10,2026.400024,2043.800049,2017.5,2024.400024,2024.400024,233.0
1108,2020-08-11,2012.400024,2016.0,1904.0,1932.599976,1932.599976,971.0
1109,2020-08-12,1923.0,1946.599976,1871.599976,1934.900024,1934.900024,404.0
1110,2020-08-13,1921.5,1957.400024,1916.900024,1956.699951,1956.699951,71.0
1111,2020-08-14,1938.699951,1947.400024,1937.0,1937.0,1937.0,201.0
1112,2020-08-17,1949.599976,1985.0,1949.599976,1985.0,1985.0,97.0
1113,2020-08-18,2001.099976,2002.800049,1972.099976,1999.400024,1999.400024,92.0
1114,2020-08-19,1980.0,1980.0,1938.699951,1958.699951,1958.699951,347.0
1115,2020-08-20,1941.199951,1948.300049,1922.300049,1933.800049,1933.800049,106.0
1116,2020-08-21,1941.0,1945.0,1908.900024,1934.599976,1934.599976,184.0
1117,2020-08-24,1930.199951,1940.0,1922.199951,1927.699951,1927.699951,85.0
1118,2020-08-25,1927.5,1928.5,1911.800049,1911.800049,1911.800049,176.0
1119,2020-08-26,1909.699951,1950.800049,1909.699951,1940.699951,1940.699951,287.0
1120,2020-08-27,1948.900024,1972.5,1921.599976,1921.599976,1921.599976,2303.0
1121,2020-08-28,1927.099976,1971.300049,1922.5,1964.599976,1964.599976,778.0
1122,2020-08-31,1970.0,1971.300049,1953.300049,1967.599976,1967.599976,158.0
1123,2020-09-01,1961.699951,1986.300049,1961.699951,1968.199951,1968.199951,186.0
1124,2020-09-02,1967.300049,1967.300049,1934.400024,1934.400024,1934.400024,71.0
1125,2020-09-03,1937.099976,1938.800049,1923.0,1927.599976,1927.599976,179.0
1126,2020-09-04,1927.900024,1939.699951,1917.699951,1923.900024,1923.900024,607.0
1127,2020-09-08,1930.900024,1937.900024,1903.099976,1933.0,1933.0,271.0
1128,2020-09-09,1926.900024,1946.199951,1924.599976,1944.699951,1944.699951,219.0
1129,2020-09-10,1944.099976,1962.699951,1944.099976,1954.199951,1954.199951,722.0
1130,2020-09-11,1944.0,1949.5,1937.800049,1937.800049,1937.800049,73.0
1131,2020-09-14,1946.300049,1953.099976,1943.0,1953.099976,1953.099976,55.0
1132,2020-09-15,1955.800049,1968.5,1955.800049,1956.300049,1956.300049,74.0
1133,2020-09-16,1961.300049,1961.400024,1956.699951,1960.199951,1960.199951,124.0
1134,2020-09-17,1939.0,1946.0,1933.699951,1940.0,1940.0,67.0
1135,2020-09-18,1950.5,1952.099976,1949.0,1952.099976,1952.099976,38.0
1136,2020-09-21,1946.199951,1946.199951,1883.400024,1901.199951,1901.199951,52.0
1137,2020-09-22,1913.099976,1913.099976,1898.599976,1898.599976,1898.599976,331.0
1138,2020-09-23,1875.5,1875.5,1859.900024,1859.900024,1859.900024,5.0
1139,2020-09-24,1851.5,1868.300049,1851.5,1868.300049,1868.300049,365.0
1140,2020-09-25,1856.300049,1857.699951,1856.300049,1857.699951,1857.699951,4.0
1141,2020-09-28,1872.800049,1872.800049,1872.800049,1872.800049,1872.800049,10455.0
1142,2020-09-29,1876.5,1895.400024,1872.400024,1894.300049,1894.300049,3283.0
1143,2020-09-30,1893.0,1899.699951,1879.800049,1887.5,1887.5,600.0
1144,2020-10-01,1884.099976,1909.599976,1882.5,1908.400024,1908.400024,730.0
1145,2020-10-02,1893.900024,1913.0,1893.900024,1900.199951,1900.199951,530.0
1146,2020-10-05,1898.900024,1915.599976,1884.699951,1912.5,1912.5,1360.0
1147,2020-10-06,1906.599976,1918.0,1874.400024,1901.099976,1901.099976,968.0
1148,2020-10-07,1874.099976,1889.800049,1873.099976,1883.599976,1883.599976,50.0
1149,2020-10-08,1893.0,1893.0,1882.699951,1888.599976,1888.599976,348.0
1153,2020-10-14,1889.699951,1910.800049,1882.5,1901.300049,1901.300049,33.0
1154,2020-10-15,1897.300049,1906.300049,1889.599976,1903.199951,1903.199951,254.0
1155,2020-10-16,1898.5,1900.800049,1898.5,1900.800049,1900.800049,53.0
1156,2020-10-19,1907.300049,1907.800049,1899.5,1906.400024,1906.400024,43.0
1157,2020-10-20,1901.300049,1910.400024,1896.099976,1910.400024,1910.400024,329.0
1158,2020-10-21,1913.599976,1927.300049,1913.599976,1924.599976,1924.599976,1202.0
1159,2020-10-22,1924.300049,1924.300049,1898.199951,1901.099976,1901.099976,899.0
1160,2020-10-23,1899.900024,1913.300049,1896.199951,1902.0,1902.0,287.0
1161,2020-10-26,1895.5,1907.0,1893.5,1902.699951,1902.699951,242.0
1162,2020-10-27,1904.599976,1908.800049,1904.400024,1908.800049,1908.800049,176.0
1163,2020-10-28,1870.900024,1876.199951,1870.900024,1876.199951,1876.199951,277.0
1164,2020-10-29,1876.099976,1879.800049,1858.800049,1865.599976,1865.599976,240.0
1165,2020-10-30,1862.800049,1886.599976,1862.800049,1877.400024,1877.400024,725.0
1166,2020-11-02,1872.900024,1894.699951,1872.900024,1890.400024,1890.400024,190.0
1167,2020-11-03,1891.5,1908.5,1891.5,1908.5,1908.5,712.0
1168,2020-11-04,1893.800049,1907.0,1885.300049,1894.599976,1894.599976,782.0
1169,2020-11-05,1901.699951,1948.0,1901.699951,1945.300049,1945.300049,135.0
1170,2020-11-06,1940.800049,1958.800049,1940.800049,1950.300049,1950.300049,304.0
1171,2020-11-09,1955.599976,1963.199951,1847.099976,1853.199951,1853.199951,745.0
1172,2020-11-10,1879.300049,1885.300049,1871.199951,1875.400024,1875.400024,276.0
1173,2020-11-11,1878.800049,1878.800049,1855.5,1860.699951,1860.699951,222.0
1174,2020-11-12,1869.0,1878.5,1866.599976,1872.599976,1872.599976,220.0
1175,2020-11-13,1877.0,1890.099976,1876.800049,1885.699951,1885.699951,240.0
1176,2020-11-16,1874.599976,1887.300049,1871.0,1887.300049,1887.300049,6.0
1177,2020-11-17,1888.400024,1888.400024,1884.5,1884.5,1884.5,59.0
1178,2020-11-18,1873.5,1873.5,1873.5,1873.5,1873.5,152.0
1179,2020-11-19,1865.800049,1865.800049,1856.0,1861.099976,1861.099976,59.0
1180,2020-11-20,1871.199951,1872.599976,1871.199951,1872.599976,1872.599976,1900.0
1181,2020-11-23,1834.800049,1837.800049,1829.199951,1837.800049,1837.800049,843.0
1182,2020-11-24,1829.300049,1829.300049,1799.300049,1804.800049,1804.800049,1041.0
1183,2020-11-25,1801.400024,1805.699951,1801.400024,1805.699951,1805.699951,205754.0
1185,2020-11-30,1785.0,1787.199951,1762.300049,1775.699951,1775.699951,3145.0
1186,2020-12-01,1775.0,1815.900024,1774.900024,1814.099976,1814.099976,1859.0
1187,2020-12-02,1811.300049,1830.0,1807.800049,1825.699951,1825.699951,771.0
1188,2020-12-03,1829.199951,1842.0,1825.300049,1836.800049,1836.800049,1765.0
1189,2020-12-04,1840.699951,1847.599976,1828.199951,1835.900024,1835.900024,1213.0
1190,2020-12-07,1836.5,1866.900024,1820.800049,1861.800049,1861.800049,1427.0
1191,2020-12-08,1863.0,1875.800049,1861.800049,1870.800049,1870.800049,121.0
1192,2020-12-09,1867.099976,1867.099976,1827.0,1834.599976,1834.599976,215.0
1193,2020-12-10,1833.199951,1849.099976,1828.0,1833.599976,1833.599976,177.0
1194,2020-12-11,1838.5,1846.0,1829.099976,1839.800049,1839.800049,109.0
1195,2020-12-14,1835.5,1835.699951,1822.699951,1828.699951,1828.699951,258.0
1196,2020-12-15,1833.5,1853.599976,1833.199951,1852.300049,1852.300049,961.0
1197,2020-12-16,1856.5,1864.699951,1850.5,1856.099976,1856.099976,1090.0
1198,2020-12-17,1874.199951,1896.199951,1874.199951,1887.199951,1887.199951,414.0
1199,2020-12-18,1882.400024,1889.5,1882.300049,1885.699951,1885.699951,276.0
1200,2020-12-21,1884.800049,1908.0,1869.099976,1879.199951,1879.199951,136.0
1201,2020-12-22,1882.199951,1882.199951,1861.0,1866.599976,1866.599976,233.0
1202,2020-12-23,1867.0,1878.800049,1864.5,1874.699951,1874.699951,82.0
1204,2020-12-28,1895.5,1895.800049,1873.699951,1877.199951,1877.199951,75.0
1205,2020-12-29,1881.300049,1881.300049,1879.699951,1879.699951,1879.699951,343.0
1206,2020-12-30,1879.900024,1895.800049,1877.300049,1891.0,1891.0,444.0
1207,2020-12-31,1897.0,1901.300049,1892.699951,1893.099976,1893.099976,127.0
1208,2021-01-04,1912.199951,1945.099976,1912.199951,1944.699951,1944.699951,154.0
1209,2021-01-05,1941.699951,1952.699951,1941.300049,1952.699951,1952.699951,113.0
1210,2021-01-06,1952.0,1959.900024,1901.5,1906.900024,1906.900024,331.0
1211,2021-01-07,1922.599976,1926.699951,1912.0,1912.300049,1912.300049,122.0
1212,2021-01-08,1908.0,1908.0,1834.099976,1834.099976,1834.099976,60.0
1213,2021-01-11,1826.5,1849.599976,1826.5,1849.599976,1849.599976,20.0
1214,2021-01-12,1849.0,1859.699951,1839.400024,1842.900024,1842.900024,176.0
1215,2021-01-13,1858.0,1858.599976,1853.599976,1853.599976,1853.599976,189.0
1216,2021-01-14,1836.699951,1850.699951,1836.699951,1850.300049,1850.300049,149.0
1217,2021-01-15,1829.400024,1829.400024,1825.0,1829.300049,1829.300049,31.0
1218,2021-01-19,1802.0,1842.900024,1802.0,1839.5,1839.5,13.0
1219,2021-01-20,1847.800049,1866.599976,1844.400024,1865.900024,1865.900024,16.0
1220,2021-01-21,1865.300049,1868.0,1865.300049,1865.300049,1865.300049,6.0
1221,2021-01-22,1854.900024,1855.699951,1852.699951,1855.699951,1855.699951,8.0
1222,2021-01-25,1864.699951,1864.699951,1851.800049,1854.900024,1854.900024,26.0
1223,2021-01-26,1855.800049,1855.800049,1850.699951,1850.699951,1850.699951,59.0
1224,2021-01-27,1844.900024,1844.900024,1844.900024,1844.900024,1844.900024,195540.0
1225,2021-01-28,1843.400024,1862.900024,1831.5,1837.900024,1837.900024,27283.0
1226,2021-01-29,1842.0,1876.0,1838.699951,1847.300049,1847.300049,1634.0
1227,2021-02-01,1866.599976,1871.900024,1850.0,1860.800049,1860.800049,1494.0
1228,2021-02-02,1859.599976,1861.300049,1827.599976,1830.5,1830.5,1293.0
1229,2021-02-03,1834.800049,1842.400024,1829.800049,1832.199951,1832.199951,1195.0
1230,2021-02-04,1832.199951,1832.199951,1782.800049,1788.900024,1788.900024,2375.0
1231,2021-02-05,1794.300049,1813.5,1790.900024,1810.900024,1810.900024,1278.0
1232,2021-02-08,1816.300049,1836.699951,1809.0,1831.900024,1831.900024,254.0
1233,2021-02-09,1841.900024,1843.300049,1830.699951,1835.300049,1835.300049,184.0
1234,2021-02-10,1842.599976,1851.099976,1837.0,1840.599976,1840.599976,543.0
1235,2021-02-11,1840.5,1845.0,1820.900024,1824.900024,1824.900024,602.0
1236,2021-02-12,1825.0,1827.5,1809.199951,1821.599976,1821.599976,259.0
1237,2021-02-16,1820.900024,1823.400024,1787.300049,1797.199951,1797.199951,1141.0
1238,2021-02-17,1785.800049,1789.699951,1768.800049,1771.099976,1771.099976,614.0
1239,2021-02-18,1776.099976,1784.599976,1766.0,1773.400024,1773.400024,587.0
1240,2021-02-19,1764.300049,1787.599976,1764.300049,1775.800049,1775.800049,118.0
1241,2021-02-22,1784.0,1807.800049,1784.0,1806.699951,1806.699951,165.0
1242,2021-02-23,1809.599976,1811.300049,1796.400024,1804.400024,1804.400024,569.0
1243,2021-02-24,1805.800049,1805.800049,1796.400024,1796.400024,1796.400024,1500.0
1244,2021-02-25,1801.5,1802.0,1766.699951,1774.400024,1774.400024,1049.0
1245,2021-02-26,1768.099976,1768.199951,1718.800049,1728.099976,1728.099976,1593.0
1246,2021-03-01,1737.099976,1747.0,1720.300049,1722.5,1722.5,407.0
1247,2021-03-02,1709.400024,1733.099976,1708.699951,1733.099976,1733.099976,867.0
1248,2021-03-03,1730.0,1732.400024,1703.5,1715.300049,1715.300049,501.0
1249,2021-03-04,1706.5,1717.400024,1700.199951,1700.199951,1700.199951,521.0
1250,2021-03-05,1690.599976,1701.0,1685.0,1698.0,1698.0,302.0
1251,2021-03-08,1704.699951,1705.400024,1673.699951,1677.699951,1677.699951,1290.0
1252,2021-03-09,1686.199951,1717.5,1685.199951,1716.599976,1716.599976,335.0
1253,2021-03-10,1713.599976,1722.900024,1711.0,1721.5,1721.5,412.0
1254,2021-03-11,1725.599976,1737.5,1720.199951,1722.300049,1722.300049,18.0
1255,2021-03-12,1715.900024,1722.5,1699.0,1719.5,1719.5,80.0
